"KpiResourcePropID","KpiResourceRelMbrID","PropNameExpr","PropValueExpr","CreatedDte","UpdatedDte","KpiResourceTypeID","created","updated"
5360,5359,displayName,deviceName,1661843289,1661843289,,"2025-06-03 10:22:10","2025-06-03 10:22:10"
5361,5359,Market,Market,1661843289,1661843289,,"2025-06-03 10:22:10","2025-06-03 10:22:10"
5362,5359,Region,Region,1661843289,1661843289,,"2025-06-03 10:22:10","2025-06-03 10:22:10"
5363,5359,technology,technology,1661843289,1661843289,,"2025-06-03 10:22:10","2025-06-03 10:22:10"
5364,5359,version,version,1661843289,1661843289,,"2025-06-03 10:22:10","2025-06-03 10:22:10"
5365,5359,Site,Site,1661843289,1661843289,,"2025-06-03 10:22:10","2025-06-03 10:22:10"
5366,5359,Domain,Domain,1661843289,1661843289,,"2025-06-03 10:22:10","2025-06-03 10:22:10"
5367,5359,domainType,domainType,1661843289,1661843289,,"2025-06-03 10:22:10","2025-06-03 10:22:10"
5368,5359,NFName,NFName,1661843289,1661843289,,"2025-06-03 10:22:10","2025-06-03 10:22:10"
5369,5359,NFType,NFType,1661843289,1661843289,,"2025-06-03 10:22:10","2025-06-03 10:22:10"
5370,5359,interval,interval,1661843289,1661843289,,"2025-06-03 10:22:10","2025-06-03 10:22:10"
5880,5879,displayName,deviceName,1661843292,1661843292,,"2025-06-03 10:22:10","2025-06-03 10:22:10"
5881,5879,Market,Market,1661843292,1661843292,,"2025-06-03 10:22:10","2025-06-03 10:22:10"
5882,5879,Region,Region,1661843292,1661843292,,"2025-06-03 10:22:10","2025-06-03 10:22:10"
5883,5879,technology,technology,1661843292,1661843292,,"2025-06-03 10:22:10","2025-06-03 10:22:10"
5884,5879,version,version,1661843292,1661843292,,"2025-06-03 10:22:10","2025-06-03 10:22:10"
5885,5879,Site,Site,1661843292,1661843292,,"2025-06-03 10:22:10","2025-06-03 10:22:10"
5886,5879,Domain,Domain,1661843292,1661843292,,"2025-06-03 10:22:10","2025-06-03 10:22:10"
5887,5879,domainType,domainType,1661843292,1661843292,,"2025-06-03 10:22:10","2025-06-03 10:22:10"
5888,5879,NFName,NFName,1661843292,1661843292,,"2025-06-03 10:22:10","2025-06-03 10:22:10"
5889,5879,NFType,NFType,1661843292,1661843292,,"2025-06-03 10:22:10","2025-06-03 10:22:10"
5890,5879,interval,interval,1661843292,1661843292,,"2025-06-03 10:22:10","2025-06-03 10:22:10"
5903,5902,displayName,deviceName,1661843292,1661843292,,"2025-06-03 10:22:10","2025-06-03 10:22:10"
5904,5902,Market,Market,1661843292,1661843292,,"2025-06-03 10:22:10","2025-06-03 10:22:10"
5905,5902,Region,Region,1661843292,1661843292,,"2025-06-03 10:22:10","2025-06-03 10:22:10"
5906,5902,technology,technology,1661843292,1661843292,,"2025-06-03 10:22:10","2025-06-03 10:22:10"
5907,5902,version,version,1661843292,1661843292,,"2025-06-03 10:22:10","2025-06-03 10:22:10"
5908,5902,Site,Site,1661843292,1661843292,,"2025-06-03 10:22:10","2025-06-03 10:22:10"
5909,5902,Domain,Domain,1661843292,1661843292,,"2025-06-03 10:22:10","2025-06-03 10:22:10"
5910,5902,domainType,domainType,1661843292,1661843292,,"2025-06-03 10:22:10","2025-06-03 10:22:10"
5911,5902,NFName,NFName,1661843292,1661843292,,"2025-06-03 10:22:10","2025-06-03 10:22:10"
5912,5902,NFType,NFType,1661843293,1661843293,,"2025-06-03 10:22:10","2025-06-03 10:22:10"
5913,5902,interval,interval,1661843293,1661843293,,"2025-06-03 10:22:10","2025-06-03 10:22:10"
5926,5925,displayName,deviceName,1661843293,1661843293,,"2025-06-03 10:22:10","2025-06-03 10:22:10"
5927,5925,Market,Market,1661843293,1661843293,,"2025-06-03 10:22:10","2025-06-03 10:22:10"
5928,5925,Region,Region,1661843293,1661843293,,"2025-06-03 10:22:10","2025-06-03 10:22:10"
5929,5925,technology,technology,1661843293,1661843293,,"2025-06-03 10:22:10","2025-06-03 10:22:10"
5930,5925,version,version,1661843293,1661843293,,"2025-06-03 10:22:10","2025-06-03 10:22:10"
5931,5925,Site,Site,1661843293,1661843293,,"2025-06-03 10:22:10","2025-06-03 10:22:10"
5932,5925,Domain,Domain,1661843293,1661843293,,"2025-06-03 10:22:10","2025-06-03 10:22:10"
5933,5925,domainType,domainType,1661843293,1661843293,,"2025-06-03 10:22:10","2025-06-03 10:22:10"
5934,5925,NFName,NFName,1661843293,1661843293,,"2025-06-03 10:22:10","2025-06-03 10:22:10"
5935,5925,NFType,NFType,1661843293,1661843293,,"2025-06-03 10:22:10","2025-06-03 10:22:10"
5936,5925,interval,interval,1661843293,1661843293,,"2025-06-03 10:22:10","2025-06-03 10:22:10"
5950,5949,displayName,deviceName,1661843293,1661843293,,"2025-06-03 10:22:10","2025-06-03 10:22:10"
5951,5949,Market,Market,1661843293,1661843293,,"2025-06-03 10:22:10","2025-06-03 10:22:10"
5952,5949,Region,Region,1661843293,1661843293,,"2025-06-03 10:22:10","2025-06-03 10:22:10"
5953,5949,technology,technology,1661843293,1661843293,,"2025-06-03 10:22:10","2025-06-03 10:22:10"
5954,5949,version,version,1661843293,1661843293,,"2025-06-03 10:22:10","2025-06-03 10:22:10"
5955,5949,Site,Site,1661843293,1661843293,,"2025-06-03 10:22:10","2025-06-03 10:22:10"
5956,5949,Domain,Domain,1661843293,1661843293,,"2025-06-03 10:22:10","2025-06-03 10:22:10"
5957,5949,domainType,domainType,1661843293,1661843293,,"2025-06-03 10:22:10","2025-06-03 10:22:10"
5958,5949,NFName,NFName,1661843293,1661843293,,"2025-06-03 10:22:10","2025-06-03 10:22:10"
5959,5949,NFType,NFType,1661843293,1661843293,,"2025-06-03 10:22:10","2025-06-03 10:22:10"
5960,5949,interval,interval,1661843293,1661843293,,"2025-06-03 10:22:10","2025-06-03 10:22:10"
5973,5972,displayName,deviceName,1661843294,1661843294,,"2025-06-03 10:22:10","2025-06-03 10:22:10"
5974,5972,Market,Market,1661843294,1661843294,,"2025-06-03 10:22:10","2025-06-03 10:22:10"
5975,5972,Region,Region,1661843294,1661843294,,"2025-06-03 10:22:10","2025-06-03 10:22:10"
5976,5972,technology,technology,1661843294,1661843294,,"2025-06-03 10:22:10","2025-06-03 10:22:10"
5977,5972,version,version,1661843294,1661843294,,"2025-06-03 10:22:10","2025-06-03 10:22:10"
5978,5972,Site,Site,1661843294,1661843294,,"2025-06-03 10:22:10","2025-06-03 10:22:10"
5979,5972,Domain,Domain,1661843294,1661843294,,"2025-06-03 10:22:10","2025-06-03 10:22:10"
5980,5972,domainType,domainType,1661843294,1661843294,,"2025-06-03 10:22:10","2025-06-03 10:22:10"
5981,5972,NFName,NFName,1661843294,1661843294,,"2025-06-03 10:22:10","2025-06-03 10:22:10"
5982,5972,NFType,NFType,1661843294,1661843294,,"2025-06-03 10:22:10","2025-06-03 10:22:10"
5983,5972,interval,interval,1661843294,1661843294,,"2025-06-03 10:22:10","2025-06-03 10:22:10"
5996,5995,displayName,deviceName,1661843294,1661843294,,"2025-06-03 10:22:10","2025-06-03 10:22:10"
5997,5995,Market,Market,1661843294,1661843294,,"2025-06-03 10:22:10","2025-06-03 10:22:10"
5998,5995,Region,Region,1661843294,1661843294,,"2025-06-03 10:22:10","2025-06-03 10:22:10"
5999,5995,technology,technology,1661843294,1661843294,,"2025-06-03 10:22:10","2025-06-03 10:22:10"
6000,5995,version,version,1661843294,1661843294,,"2025-06-03 10:22:10","2025-06-03 10:22:10"
6001,5995,Site,Site,1661843294,1661843294,,"2025-06-03 10:22:10","2025-06-03 10:22:10"
6002,5995,Domain,Domain,1661843294,1661843294,,"2025-06-03 10:22:10","2025-06-03 10:22:10"
6003,5995,domainType,domainType,1661843294,1661843294,,"2025-06-03 10:22:10","2025-06-03 10:22:10"
6004,5995,NFName,NFName,1661843294,1661843294,,"2025-06-03 10:22:10","2025-06-03 10:22:10"
6005,5995,NFType,NFType,1661843294,1661843294,,"2025-06-03 10:22:10","2025-06-03 10:22:10"
6006,5995,interval,interval,1661843294,1661843294,,"2025-06-03 10:22:10","2025-06-03 10:22:10"
6021,6020,displayName,deviceName,1661843294,1661843294,,"2025-06-03 10:22:10","2025-06-03 10:22:10"
6022,6020,Market,Market,1661843294,1661843294,,"2025-06-03 10:22:10","2025-06-03 10:22:10"
6023,6020,Region,Region,1661843294,1661843294,,"2025-06-03 10:22:10","2025-06-03 10:22:10"
6024,6020,technology,technology,1661843294,1661843294,,"2025-06-03 10:22:10","2025-06-03 10:22:10"
6025,6020,version,version,1661843294,1661843294,,"2025-06-03 10:22:10","2025-06-03 10:22:10"
6026,6020,Site,Site,1661843294,1661843294,,"2025-06-03 10:22:10","2025-06-03 10:22:10"
6027,6020,Domain,Domain,1661843294,1661843294,,"2025-06-03 10:22:10","2025-06-03 10:22:10"
6028,6020,domainType,domainType,1661843294,1661843294,,"2025-06-03 10:22:10","2025-06-03 10:22:10"
6029,6020,NFName,NFName,1661843294,1661843294,,"2025-06-03 10:22:10","2025-06-03 10:22:10"
6030,6020,NFType,NFType,1661843294,1661843294,,"2025-06-03 10:22:10","2025-06-03 10:22:10"
6031,6020,interval,interval,1661843294,1661843294,,"2025-06-03 10:22:10","2025-06-03 10:22:10"
7710,7709,displayName,deviceName,1661843305,1661843305,,"2025-06-03 10:22:10","2025-06-03 10:22:10"
7711,7709,Market,Market,1661843305,1661843305,,"2025-06-03 10:22:10","2025-06-03 10:22:10"
7712,7709,Region,Region,1661843305,1661843305,,"2025-06-03 10:22:10","2025-06-03 10:22:10"
7713,7709,technology,technology,1661843305,1661843305,,"2025-06-03 10:22:10","2025-06-03 10:22:10"
7714,7709,version,version,1661843305,1661843305,,"2025-06-03 10:22:10","2025-06-03 10:22:10"
7715,7709,Site,Site,1661843305,1661843305,,"2025-06-03 10:22:10","2025-06-03 10:22:10"
7716,7709,Domain,Domain,1661843305,1661843305,,"2025-06-03 10:22:10","2025-06-03 10:22:10"
7717,7709,domainType,domainType,1661843305,1661843305,,"2025-06-03 10:22:10","2025-06-03 10:22:10"
7718,7709,NFName,NFName,1661843305,1661843305,,"2025-06-03 10:22:10","2025-06-03 10:22:10"
7719,7709,NFType,NFType,1661843305,1661843305,,"2025-06-03 10:22:10","2025-06-03 10:22:10"
7720,7709,interval,interval,1661843305,1661843305,,"2025-06-03 10:22:10","2025-06-03 10:22:10"
7775,7774,displayName,deviceName,1661843306,1661843306,,"2025-06-03 10:22:10","2025-06-03 10:22:10"
7776,7774,Market,Market,1661843306,1661843306,,"2025-06-03 10:22:10","2025-06-03 10:22:10"
7777,7774,Region,Region,1661843306,1661843306,,"2025-06-03 10:22:10","2025-06-03 10:22:10"
7778,7774,technology,technology,1661843306,1661843306,,"2025-06-03 10:22:10","2025-06-03 10:22:10"
7779,7774,version,version,1661843306,1661843306,,"2025-06-03 10:22:10","2025-06-03 10:22:10"
7780,7774,Site,Site,1661843306,1661843306,,"2025-06-03 10:22:10","2025-06-03 10:22:10"
7781,7774,Domain,Domain,1661843306,1661843306,,"2025-06-03 10:22:10","2025-06-03 10:22:10"
7782,7774,domainType,domainType,1661843306,1661843306,,"2025-06-03 10:22:10","2025-06-03 10:22:10"
7783,7774,NFName,NFName,1661843306,1661843306,,"2025-06-03 10:22:10","2025-06-03 10:22:10"
7784,7774,NFType,NFType,1661843306,1661843306,,"2025-06-03 10:22:10","2025-06-03 10:22:10"
7785,7774,interval,interval,1661843306,1661843306,,"2025-06-03 10:22:10","2025-06-03 10:22:10"
7828,7827,displayName,deviceName,1661843307,1661843307,,"2025-06-03 10:22:10","2025-06-03 10:22:10"
7829,7827,Market,Market,1661843307,1661843307,,"2025-06-03 10:22:10","2025-06-03 10:22:10"
7830,7827,Region,Region,1661843307,1661843307,,"2025-06-03 10:22:10","2025-06-03 10:22:10"
7831,7827,technology,technology,1661843307,1661843307,,"2025-06-03 10:22:10","2025-06-03 10:22:10"
7832,7827,version,version,1661843307,1661843307,,"2025-06-03 10:22:10","2025-06-03 10:22:10"
7833,7827,Site,Site,1661843307,1661843307,,"2025-06-03 10:22:10","2025-06-03 10:22:10"
7834,7827,Domain,Domain,1661843307,1661843307,,"2025-06-03 10:22:10","2025-06-03 10:22:10"
7835,7827,domainType,domainType,1661843307,1661843307,,"2025-06-03 10:22:10","2025-06-03 10:22:10"
7836,7827,NFName,NFName,1661843307,1661843307,,"2025-06-03 10:22:10","2025-06-03 10:22:10"
7837,7827,NFType,NFType,1661843307,1661843307,,"2025-06-03 10:22:10","2025-06-03 10:22:10"
7838,7827,interval,interval,1661843307,1661843307,,"2025-06-03 10:22:10","2025-06-03 10:22:10"
7971,8466,displayName,deviceName,1662548541,1662548541,,"2025-06-03 10:22:10","2025-06-03 10:22:10"
7972,8466,Market,Market,1662548541,1662548541,,"2025-06-03 10:22:10","2025-06-03 10:22:10"
7973,8466,Region,Region,1662548541,1662548541,,"2025-06-03 10:22:10","2025-06-03 10:22:10"
7974,8466,technology,technology,1662548541,1662548541,,"2025-06-03 10:22:10","2025-06-03 10:22:10"
7975,8466,version,version,1662548541,1662548541,,"2025-06-03 10:22:10","2025-06-03 10:22:10"
7976,8466,Site,Site,1662548541,1662548541,,"2025-06-03 10:22:10","2025-06-03 10:22:10"
7977,8466,Domain,Domain,1662548541,1662548541,,"2025-06-03 10:22:10","2025-06-03 10:22:10"
7978,8466,domainType,domainType,1662548541,1662548541,,"2025-06-03 10:22:10","2025-06-03 10:22:10"
7979,8466,NFName,NFName,1662548541,1662548541,,"2025-06-03 10:22:10","2025-06-03 10:22:10"
7980,8466,NFType,NFType,1662548541,1662548541,,"2025-06-03 10:22:10","2025-06-03 10:22:10"
7981,8466,interval,interval,1662548541,1662548541,,"2025-06-03 10:22:10","2025-06-03 10:22:10"
9170,8662,displayName,deviceName,1662737677,1662737677,,"2025-06-03 10:22:10","2025-06-03 10:22:10"
9171,8662,Market,Market,1662737677,1662737677,,"2025-06-03 10:22:10","2025-06-03 10:22:10"
9172,8662,Region,Region,1662737677,1662737677,,"2025-06-03 10:22:10","2025-06-03 10:22:10"
9173,8662,technology,technology,1662737677,1662737677,,"2025-06-03 10:22:10","2025-06-03 10:22:10"
9174,8662,version,version,1662737677,1662737677,,"2025-06-03 10:22:10","2025-06-03 10:22:10"
9175,8662,Site,Site,1662737677,1662737677,,"2025-06-03 10:22:10","2025-06-03 10:22:10"
9176,8662,Domain,Domain,1662737677,1662737677,,"2025-06-03 10:22:10","2025-06-03 10:22:10"
9177,8662,domainType,domainType,1662737677,1662737677,,"2025-06-03 10:22:10","2025-06-03 10:22:10"
9178,8662,NFName,NFName,1662737677,1662737677,,"2025-06-03 10:22:10","2025-06-03 10:22:10"
9179,8662,NFType,NFType,1662737677,1662737677,,"2025-06-03 10:22:10","2025-06-03 10:22:10"
9180,8662,interval,interval,1662737677,1662737677,,"2025-06-03 10:22:10","2025-06-03 10:22:10"
9181,8663,displayName,deviceName,1662737677,1662737677,,"2025-06-03 10:22:10","2025-06-03 10:22:10"
9182,8663,Market,Market,1662737677,1662737677,,"2025-06-03 10:22:10","2025-06-03 10:22:10"
9183,8663,Region,Region,1662737677,1662737677,,"2025-06-03 10:22:10","2025-06-03 10:22:10"
9184,8663,technology,technology,1662737677,1662737677,,"2025-06-03 10:22:10","2025-06-03 10:22:10"
9185,8663,version,version,1662737677,1662737677,,"2025-06-03 10:22:10","2025-06-03 10:22:10"
9186,8663,Site,Site,1662737677,1662737677,,"2025-06-03 10:22:10","2025-06-03 10:22:10"
9187,8663,Domain,Domain,1662737677,1662737677,,"2025-06-03 10:22:10","2025-06-03 10:22:10"
9188,8663,domainType,domainType,1662737677,1662737677,,"2025-06-03 10:22:10","2025-06-03 10:22:10"
9189,8663,NFName,NFName,1662737677,1662737677,,"2025-06-03 10:22:10","2025-06-03 10:22:10"
9190,8663,NFType,NFType,1662737677,1662737677,,"2025-06-03 10:22:10","2025-06-03 10:22:10"
9191,8663,interval,interval,1662737677,1662737677,,"2025-06-03 10:22:10","2025-06-03 10:22:10"
9478,8709,displayName,deviceName,1662976688,1662976688,,"2025-06-03 10:22:10","2025-06-03 10:22:10"
9479,8709,Market,Market,1662976688,1662976688,,"2025-06-03 10:22:10","2025-06-03 10:22:10"
9480,8709,Region,Region,1662976688,1662976688,,"2025-06-03 10:22:10","2025-06-03 10:22:10"
9481,8709,technology,technology,1662976688,1662976688,,"2025-06-03 10:22:10","2025-06-03 10:22:10"
9482,8709,version,version,1662976688,1662976688,,"2025-06-03 10:22:10","2025-06-03 10:22:10"
9483,8709,Site,Site,1662976688,1662976688,,"2025-06-03 10:22:10","2025-06-03 10:22:10"
9484,8709,Domain,Domain,1662976688,1662976688,,"2025-06-03 10:22:10","2025-06-03 10:22:10"
9485,8709,domainType,domainType,1662976688,1662976688,,"2025-06-03 10:22:10","2025-06-03 10:22:10"
9486,8709,NFName,NFName,1662976688,1662976688,,"2025-06-03 10:22:10","2025-06-03 10:22:10"
9487,8709,NFType,NFType,1662976688,1662976688,,"2025-06-03 10:22:10","2025-06-03 10:22:10"
9488,8709,interval,interval,1662976688,1662976688,,"2025-06-03 10:22:10","2025-06-03 10:22:10"
9489,8710,displayName,deviceName,1662976688,1662976688,,"2025-06-03 10:22:10","2025-06-03 10:22:10"
9490,8710,Market,Market,1662976688,1662976688,,"2025-06-03 10:22:10","2025-06-03 10:22:10"
9491,8710,Region,Region,1662976688,1662976688,,"2025-06-03 10:22:10","2025-06-03 10:22:10"
9492,8710,technology,technology,1662976688,1662976688,,"2025-06-03 10:22:10","2025-06-03 10:22:10"
9493,8710,version,version,1662976688,1662976688,,"2025-06-03 10:22:10","2025-06-03 10:22:10"
9494,8710,Site,Site,1662976688,1662976688,,"2025-06-03 10:22:10","2025-06-03 10:22:10"
9495,8710,Domain,Domain,1662976688,1662976688,,"2025-06-03 10:22:10","2025-06-03 10:22:10"
9496,8710,domainType,domainType,1662976688,1662976688,,"2025-06-03 10:22:10","2025-06-03 10:22:10"
9497,8710,NFName,NFName,1662976688,1662976688,,"2025-06-03 10:22:10","2025-06-03 10:22:10"
9498,8710,NFType,NFType,1662976688,1662976688,,"2025-06-03 10:22:10","2025-06-03 10:22:10"
9499,8710,interval,interval,1662976688,1662976688,,"2025-06-03 10:22:10","2025-06-03 10:22:10"
9500,8711,displayName,deviceName,1662976688,1662976688,,"2025-06-03 10:22:10","2025-06-03 10:22:10"
9501,8711,Market,Market,1662976688,1662976688,,"2025-06-03 10:22:10","2025-06-03 10:22:10"
9502,8711,Region,Region,1662976688,1662976688,,"2025-06-03 10:22:10","2025-06-03 10:22:10"
9503,8711,technology,technology,1662976688,1662976688,,"2025-06-03 10:22:10","2025-06-03 10:22:10"
9504,8711,version,version,1662976688,1662976688,,"2025-06-03 10:22:10","2025-06-03 10:22:10"
9505,8711,Site,Site,1662976688,1662976688,,"2025-06-03 10:22:10","2025-06-03 10:22:10"
9506,8711,Domain,Domain,1662976688,1662976688,,"2025-06-03 10:22:10","2025-06-03 10:22:10"
9507,8711,domainType,domainType,1662976688,1662976688,,"2025-06-03 10:22:10","2025-06-03 10:22:10"
9508,8711,NFName,NFName,1662976688,1662976688,,"2025-06-03 10:22:10","2025-06-03 10:22:10"
9509,8711,NFType,NFType,1662976688,1662976688,,"2025-06-03 10:22:10","2025-06-03 10:22:10"
9510,8711,interval,interval,1662976688,1662976688,,"2025-06-03 10:22:10","2025-06-03 10:22:10"
9511,8712,displayName,deviceName,1662976688,1662976688,,"2025-06-03 10:22:10","2025-06-03 10:22:10"
9512,8712,Market,Market,1662976688,1662976688,,"2025-06-03 10:22:10","2025-06-03 10:22:10"
9513,8712,Region,Region,1662976688,1662976688,,"2025-06-03 10:22:10","2025-06-03 10:22:10"
9514,8712,technology,technology,1662976688,1662976688,,"2025-06-03 10:22:10","2025-06-03 10:22:10"
9515,8712,version,version,1662976688,1662976688,,"2025-06-03 10:22:10","2025-06-03 10:22:10"
9516,8712,Site,Site,1662976688,1662976688,,"2025-06-03 10:22:10","2025-06-03 10:22:10"
9517,8712,Domain,Domain,1662976688,1662976688,,"2025-06-03 10:22:10","2025-06-03 10:22:10"
9518,8712,domainType,domainType,1662976688,1662976688,,"2025-06-03 10:22:10","2025-06-03 10:22:10"
9519,8712,NFName,NFName,1662976688,1662976688,,"2025-06-03 10:22:10","2025-06-03 10:22:10"
9520,8712,NFType,NFType,1662976688,1662976688,,"2025-06-03 10:22:10","2025-06-03 10:22:10"
9521,8712,interval,interval,1662976688,1662976688,,"2025-06-03 10:22:10","2025-06-03 10:22:10"
9522,8713,displayName,deviceName,1662976688,1662976688,,"2025-06-03 10:22:10","2025-06-03 10:22:10"
9523,8713,Market,Market,1662976688,1662976688,,"2025-06-03 10:22:10","2025-06-03 10:22:10"
9524,8713,Region,Region,1662976688,1662976688,,"2025-06-03 10:22:10","2025-06-03 10:22:10"
9525,8713,technology,technology,1662976688,1662976688,,"2025-06-03 10:22:10","2025-06-03 10:22:10"
9526,8713,version,version,1662976688,1662976688,,"2025-06-03 10:22:10","2025-06-03 10:22:10"
9527,8713,Site,Site,1662976688,1662976688,,"2025-06-03 10:22:10","2025-06-03 10:22:10"
9528,8713,Domain,Domain,1662976688,1662976688,,"2025-06-03 10:22:10","2025-06-03 10:22:10"
9529,8713,domainType,domainType,1662976688,1662976688,,"2025-06-03 10:22:10","2025-06-03 10:22:10"
9530,8713,NFName,NFName,1662976688,1662976688,,"2025-06-03 10:22:10","2025-06-03 10:22:10"
9531,8713,NFType,NFType,1662976688,1662976688,,"2025-06-03 10:22:10","2025-06-03 10:22:10"
9532,8713,interval,interval,1662976688,1662976688,,"2025-06-03 10:22:10","2025-06-03 10:22:10"
9533,8714,displayName,deviceName,1662976688,1662976688,,"2025-06-03 10:22:10","2025-06-03 10:22:10"
9534,8714,Market,Market,1662976688,1662976688,,"2025-06-03 10:22:10","2025-06-03 10:22:10"
9535,8714,Region,Region,1662976688,1662976688,,"2025-06-03 10:22:10","2025-06-03 10:22:10"
9536,8714,technology,technology,1662976688,1662976688,,"2025-06-03 10:22:10","2025-06-03 10:22:10"
9537,8714,version,version,1662976688,1662976688,,"2025-06-03 10:22:10","2025-06-03 10:22:10"
9538,8714,Site,Site,1662976688,1662976688,,"2025-06-03 10:22:10","2025-06-03 10:22:10"
9539,8714,Domain,Domain,1662976688,1662976688,,"2025-06-03 10:22:10","2025-06-03 10:22:10"
9540,8714,domainType,domainType,1662976688,1662976688,,"2025-06-03 10:22:10","2025-06-03 10:22:10"
9541,8714,NFName,NFName,1662976688,1662976688,,"2025-06-03 10:22:10","2025-06-03 10:22:10"
9542,8714,NFType,NFType,1662976688,1662976688,,"2025-06-03 10:22:10","2025-06-03 10:22:10"
9543,8714,interval,interval,1662976688,1662976688,,"2025-06-03 10:22:10","2025-06-03 10:22:10"
9643,8725,displayName,deviceName,1663091799,1663091799,,"2025-06-03 10:22:10","2025-06-03 10:22:10"
9644,8725,Market,Market,1663091799,1663091799,,"2025-06-03 10:22:10","2025-06-03 10:22:10"
9645,8725,Region,Region,1663091799,1663091799,,"2025-06-03 10:22:10","2025-06-03 10:22:10"
9646,8725,technology,technology,1663091799,1663091799,,"2025-06-03 10:22:10","2025-06-03 10:22:10"
9647,8725,version,version,1663091799,1663091799,,"2025-06-03 10:22:10","2025-06-03 10:22:10"
9648,8725,Site,Site,1663091799,1663091799,,"2025-06-03 10:22:10","2025-06-03 10:22:10"
9649,8725,Domain,Domain,1663091799,1663091799,,"2025-06-03 10:22:10","2025-06-03 10:22:10"
9650,8725,domainType,domainType,1663091799,1663091799,,"2025-06-03 10:22:10","2025-06-03 10:22:10"
9651,8725,NFName,NFName,1663091799,1663091799,,"2025-06-03 10:22:10","2025-06-03 10:22:10"
9652,8725,NFType,NFType,1663091799,1663091799,,"2025-06-03 10:22:10","2025-06-03 10:22:10"
9653,8725,interval,interval,1663091799,1663091799,,"2025-06-03 10:22:10","2025-06-03 10:22:10"
9654,8726,displayName,deviceName,1663091799,1663091799,,"2025-06-03 10:22:10","2025-06-03 10:22:10"
9655,8726,Market,Market,1663091799,1663091799,,"2025-06-03 10:22:10","2025-06-03 10:22:10"
9656,8726,Region,Region,1663091799,1663091799,,"2025-06-03 10:22:10","2025-06-03 10:22:10"
9657,8726,technology,technology,1663091799,1663091799,,"2025-06-03 10:22:10","2025-06-03 10:22:10"
9658,8726,version,version,1663091799,1663091799,,"2025-06-03 10:22:10","2025-06-03 10:22:10"
9659,8726,Site,Site,1663091799,1663091799,,"2025-06-03 10:22:10","2025-06-03 10:22:10"
9660,8726,Domain,Domain,1663091799,1663091799,,"2025-06-03 10:22:10","2025-06-03 10:22:10"
9661,8726,domainType,domainType,1663091799,1663091799,,"2025-06-03 10:22:10","2025-06-03 10:22:10"
9662,8726,NFName,NFName,1663091799,1663091799,,"2025-06-03 10:22:10","2025-06-03 10:22:10"
9663,8726,NFType,NFType,1663091799,1663091799,,"2025-06-03 10:22:10","2025-06-03 10:22:10"
9664,8726,interval,interval,1663091799,1663091799,,"2025-06-03 10:22:10","2025-06-03 10:22:10"
9720,8738,displayName,deviceName,1667485816,1667485816,,"2025-06-03 10:22:10","2025-06-03 10:22:10"
9721,8738,Market,Market,1667485816,1667485816,,"2025-06-03 10:22:10","2025-06-03 10:22:10"
9722,8738,Region,Region,1667485816,1667485816,,"2025-06-03 10:22:10","2025-06-03 10:22:10"
9723,8738,technology,technology,1667485816,1667485816,,"2025-06-03 10:22:10","2025-06-03 10:22:10"
9724,8738,version,version,1667485816,1667485816,,"2025-06-03 10:22:10","2025-06-03 10:22:10"
9725,8738,Site,Site,1667485816,1667485816,,"2025-06-03 10:22:10","2025-06-03 10:22:10"
9726,8738,Domain,Domain,1667485816,1667485816,,"2025-06-03 10:22:10","2025-06-03 10:22:10"
9727,8738,domainType,domainType,1667485816,1667485816,,"2025-06-03 10:22:10","2025-06-03 10:22:10"
9728,8738,NFName,NFName,1667485816,1667485816,,"2025-06-03 10:22:10","2025-06-03 10:22:10"
9729,8738,NFType,NFType,1667485816,1667485816,,"2025-06-03 10:22:10","2025-06-03 10:22:10"
9730,8738,interval,interval,1667485816,1667485816,,"2025-06-03 10:22:10","2025-06-03 10:22:10"
9841,8760,displayName,deviceName,1674148130,1674148130,,"2025-06-03 10:22:10","2025-06-03 10:22:10"
9842,8760,Market,Market,1674148130,1674148130,,"2025-06-03 10:22:10","2025-06-03 10:22:10"
9843,8760,Region,Region,1674148130,1674148130,,"2025-06-03 10:22:10","2025-06-03 10:22:10"
9844,8760,technology,technology,1674148130,1674148130,,"2025-06-03 10:22:10","2025-06-03 10:22:10"
9845,8760,version,version,1674148130,1674148130,,"2025-06-03 10:22:10","2025-06-03 10:22:10"
9846,8760,Site,Site,1674148130,1674148130,,"2025-06-03 10:22:10","2025-06-03 10:22:10"
9847,8760,Domain,Domain,1674148130,1674148130,,"2025-06-03 10:22:10","2025-06-03 10:22:10"
9848,8760,domainType,domainType,1674148130,1674148130,,"2025-06-03 10:22:10","2025-06-03 10:22:10"
9849,8760,NFName,NFName,1674148130,1674148130,,"2025-06-03 10:22:10","2025-06-03 10:22:10"
9850,8760,NFType,NFType,1674148130,1674148130,,"2025-06-03 10:22:10","2025-06-03 10:22:10"
9851,8760,interval,interval,1674148130,1674148130,,"2025-06-03 10:22:10","2025-06-03 10:22:10"
9995,8836,displayName,deviceName,1685045026,1685045026,,"2025-06-03 10:22:10","2025-06-03 10:22:10"
9996,8836,Market,Market,1685045026,1685045026,,"2025-06-03 10:22:10","2025-06-03 10:22:10"
9997,8836,Region,Region,1685045026,1685045026,,"2025-06-03 10:22:10","2025-06-03 10:22:10"
9998,8836,technology,technology,1685045026,1685045026,,"2025-06-03 10:22:10","2025-06-03 10:22:10"
9999,8836,version,version,1685045026,1685045026,,"2025-06-03 10:22:10","2025-06-03 10:22:10"
10000,8836,Site,Site,1685045026,1685045026,,"2025-06-03 10:22:10","2025-06-03 10:22:10"
10001,8836,Domain,Domain,1685045026,1685045026,,"2025-06-03 10:22:10","2025-06-03 10:22:10"
10002,8836,domainType,domainType,1685045026,1685045026,,"2025-06-03 10:22:10","2025-06-03 10:22:10"
10003,8836,NFName,NFName,1685045026,1685045026,,"2025-06-03 10:22:10","2025-06-03 10:22:10"
10004,8836,NFType,NFType,1685045026,1685045026,,"2025-06-03 10:22:10","2025-06-03 10:22:10"
10005,8836,interval,interval,1685045026,1685045026,,"2025-06-03 10:22:10","2025-06-03 10:22:10"
10006,8837,displayName,deviceName,1685045026,1685045026,,"2025-06-03 10:22:10","2025-06-03 10:22:10"
10007,8837,Market,Market,1685045026,1685045026,,"2025-06-03 10:22:10","2025-06-03 10:22:10"
10008,8837,Region,Region,1685045026,1685045026,,"2025-06-03 10:22:10","2025-06-03 10:22:10"
10009,8837,technology,technology,1685045026,1685045026,,"2025-06-03 10:22:10","2025-06-03 10:22:10"
10010,8837,version,version,1685045026,1685045026,,"2025-06-03 10:22:10","2025-06-03 10:22:10"
10011,8837,Site,Site,1685045026,1685045026,,"2025-06-03 10:22:10","2025-06-03 10:22:10"
10012,8837,Domain,Domain,1685045026,1685045026,,"2025-06-03 10:22:10","2025-06-03 10:22:10"
10013,8837,domainType,domainType,1685045026,1685045026,,"2025-06-03 10:22:10","2025-06-03 10:22:10"
10014,8837,NFName,NFName,1685045026,1685045026,,"2025-06-03 10:22:10","2025-06-03 10:22:10"
10015,8837,NFType,NFType,1685045026,1685045026,,"2025-06-03 10:22:10","2025-06-03 10:22:10"
10016,8837,interval,interval,1685045026,1685045026,,"2025-06-03 10:22:10","2025-06-03 10:22:10"
10017,8838,displayName,deviceName,1685045026,1685045026,,"2025-06-03 10:22:10","2025-06-03 10:22:10"
10018,8838,Market,Market,1685045026,1685045026,,"2025-06-03 10:22:10","2025-06-03 10:22:10"
10019,8838,Region,Region,1685045026,1685045026,,"2025-06-03 10:22:10","2025-06-03 10:22:10"
10020,8838,technology,technology,1685045026,1685045026,,"2025-06-03 10:22:10","2025-06-03 10:22:10"
10021,8838,version,version,1685045026,1685045026,,"2025-06-03 10:22:10","2025-06-03 10:22:10"
10022,8838,Site,Site,1685045026,1685045026,,"2025-06-03 10:22:10","2025-06-03 10:22:10"
10023,8838,Domain,Domain,1685045026,1685045026,,"2025-06-03 10:22:10","2025-06-03 10:22:10"
10024,8838,domainType,domainType,1685045026,1685045026,,"2025-06-03 10:22:10","2025-06-03 10:22:10"
10025,8838,NFName,NFName,1685045026,1685045026,,"2025-06-03 10:22:10","2025-06-03 10:22:10"
10026,8838,NFType,NFType,1685045026,1685045026,,"2025-06-03 10:22:10","2025-06-03 10:22:10"
10027,8838,interval,interval,1685045026,1685045026,,"2025-06-03 10:22:10","2025-06-03 10:22:10"
10028,8839,displayName,deviceName,1685045026,1685045026,,"2025-06-03 10:22:10","2025-06-03 10:22:10"
10029,8839,Market,Market,1685045026,1685045026,,"2025-06-03 10:22:10","2025-06-03 10:22:10"
10030,8839,Region,Region,1685045026,1685045026,,"2025-06-03 10:22:10","2025-06-03 10:22:10"
10031,8839,technology,technology,1685045026,1685045026,,"2025-06-03 10:22:10","2025-06-03 10:22:10"
10032,8839,version,version,1685045026,1685045026,,"2025-06-03 10:22:10","2025-06-03 10:22:10"
10033,8839,Site,Site,1685045026,1685045026,,"2025-06-03 10:22:10","2025-06-03 10:22:10"
10034,8839,Domain,Domain,1685045026,1685045026,,"2025-06-03 10:22:10","2025-06-03 10:22:10"
10035,8839,domainType,domainType,1685045026,1685045026,,"2025-06-03 10:22:10","2025-06-03 10:22:10"
10036,8839,NFName,NFName,1685045026,1685045026,,"2025-06-03 10:22:10","2025-06-03 10:22:10"
10037,8839,NFType,NFType,1685045026,1685045026,,"2025-06-03 10:22:10","2025-06-03 10:22:10"
10038,8839,interval,interval,1685045026,1685045026,,"2025-06-03 10:22:10","2025-06-03 10:22:10"
10039,8840,displayName,deviceName,1685045026,1685045026,,"2025-06-03 10:22:10","2025-06-03 10:22:10"
10040,8840,Market,Market,1685045026,1685045026,,"2025-06-03 10:22:10","2025-06-03 10:22:10"
10041,8840,Region,Region,1685045026,1685045026,,"2025-06-03 10:22:10","2025-06-03 10:22:10"
10042,8840,technology,technology,1685045026,1685045026,,"2025-06-03 10:22:10","2025-06-03 10:22:10"
10043,8840,version,version,1685045026,1685045026,,"2025-06-03 10:22:10","2025-06-03 10:22:10"
10044,8840,Site,Site,1685045026,1685045026,,"2025-06-03 10:22:10","2025-06-03 10:22:10"
10045,8840,Domain,Domain,1685045026,1685045026,,"2025-06-03 10:22:10","2025-06-03 10:22:10"
10046,8840,domainType,domainType,1685045026,1685045026,,"2025-06-03 10:22:10","2025-06-03 10:22:10"
10047,8840,NFName,NFName,1685045026,1685045026,,"2025-06-03 10:22:10","2025-06-03 10:22:10"
10048,8840,NFType,NFType,1685045026,1685045026,,"2025-06-03 10:22:10","2025-06-03 10:22:10"
10049,8840,interval,interval,1685045026,1685045026,,"2025-06-03 10:22:10","2025-06-03 10:22:10"
10050,8841,NFName,ACPF,1685050680,1685050680,,"2025-06-03 10:22:10","2025-06-03 10:22:10"
10051,8841,NFType,'ACPF',1685050680,1685050680,,"2025-06-03 10:22:10","2025-06-03 10:22:10"
10052,8841,Market,ranMarket,1685050680,1685050680,,"2025-06-03 10:22:10","2025-06-03 10:22:10"
10053,8842,NFName,AUPF,1685050680,1685050680,,"2025-06-03 10:22:10","2025-06-03 10:22:10"
10054,8842,NFType,'AUPF',1685050680,1685050680,,"2025-06-03 10:22:10","2025-06-03 10:22:10"
10055,8842,Market,ranMarket,1685050680,1685050680,,"2025-06-03 10:22:10","2025-06-03 10:22:10"
10228,8940,displayName,deviceName,1693483431,1693483431,,"2025-06-03 10:22:10","2025-06-03 10:22:10"
10229,8940,Market,Market,1693483431,1693483431,,"2025-06-03 10:22:10","2025-06-03 10:22:10"
10230,8940,Region,Region,1693483431,1693483431,,"2025-06-03 10:22:10","2025-06-03 10:22:10"
10231,8940,technology,technology,1693483431,1693483431,,"2025-06-03 10:22:10","2025-06-03 10:22:10"
10232,8940,version,version,1693483431,1693483431,,"2025-06-03 10:22:10","2025-06-03 10:22:10"
10233,8940,Site,Site,1693483431,1693483431,,"2025-06-03 10:22:10","2025-06-03 10:22:10"
10234,8940,Domain,Domain,1693483431,1693483431,,"2025-06-03 10:22:10","2025-06-03 10:22:10"
10235,8940,domainType,domainType,1693483431,1693483431,,"2025-06-03 10:22:10","2025-06-03 10:22:10"
10236,8940,NFName,NFName,1693483431,1693483431,,"2025-06-03 10:22:10","2025-06-03 10:22:10"
10237,8940,NFType,NFType,1693483431,1693483431,,"2025-06-03 10:22:10","2025-06-03 10:22:10"
10238,8940,interval,interval,1693483431,1693483431,,"2025-06-03 10:22:10","2025-06-03 10:22:10"
10239,8941,displayName,deviceName,1693483431,1693483431,,"2025-06-03 10:22:10","2025-06-03 10:22:10"
10240,8941,Market,Market,1693483431,1693483431,,"2025-06-03 10:22:10","2025-06-03 10:22:10"
10241,8941,Region,Region,1693483431,1693483431,,"2025-06-03 10:22:10","2025-06-03 10:22:10"
10242,8941,technology,technology,1693483431,1693483431,,"2025-06-03 10:22:10","2025-06-03 10:22:10"
10243,8941,version,version,1693483431,1693483431,,"2025-06-03 10:22:10","2025-06-03 10:22:10"
10244,8941,Site,Site,1693483431,1693483431,,"2025-06-03 10:22:10","2025-06-03 10:22:10"
10245,8941,Domain,Domain,1693483431,1693483431,,"2025-06-03 10:22:10","2025-06-03 10:22:10"
10246,8941,domainType,domainType,1693483431,1693483431,,"2025-06-03 10:22:10","2025-06-03 10:22:10"
10247,8941,NFName,NFName,1693483431,1693483431,,"2025-06-03 10:22:10","2025-06-03 10:22:10"
10248,8941,NFType,NFType,1693483431,1693483431,,"2025-06-03 10:22:10","2025-06-03 10:22:10"
10249,8941,interval,interval,1693483431,1693483431,,"2025-06-03 10:22:10","2025-06-03 10:22:10"
10250,8942,displayName,deviceName,1693483431,1693483431,,"2025-06-03 10:22:10","2025-06-03 10:22:10"
10251,8942,Market,Market,1693483431,1693483431,,"2025-06-03 10:22:10","2025-06-03 10:22:10"
10252,8942,Region,Region,1693483431,1693483431,,"2025-06-03 10:22:10","2025-06-03 10:22:10"
10253,8942,technology,technology,1693483431,1693483431,,"2025-06-03 10:22:10","2025-06-03 10:22:10"
10254,8942,version,version,1693483431,1693483431,,"2025-06-03 10:22:10","2025-06-03 10:22:10"
10255,8942,Site,Site,1693483431,1693483431,,"2025-06-03 10:22:10","2025-06-03 10:22:10"
10256,8942,Domain,Domain,1693483431,1693483431,,"2025-06-03 10:22:10","2025-06-03 10:22:10"
10257,8942,domainType,domainType,1693483431,1693483431,,"2025-06-03 10:22:10","2025-06-03 10:22:10"
10258,8942,NFName,NFName,1693483431,1693483431,,"2025-06-03 10:22:10","2025-06-03 10:22:10"
10259,8942,NFType,NFType,1693483431,1693483431,,"2025-06-03 10:22:10","2025-06-03 10:22:10"
10260,8942,interval,interval,1693483431,1693483431,,"2025-06-03 10:22:10","2025-06-03 10:22:10"
10261,8943,displayName,deviceName,1693483432,1693483432,,"2025-06-03 10:22:10","2025-06-03 10:22:10"
10262,8943,Market,Market,1693483432,1693483432,,"2025-06-03 10:22:10","2025-06-03 10:22:10"
10263,8943,Region,Region,1693483432,1693483432,,"2025-06-03 10:22:10","2025-06-03 10:22:10"
10264,8943,technology,technology,1693483432,1693483432,,"2025-06-03 10:22:10","2025-06-03 10:22:10"
10265,8943,version,version,1693483432,1693483432,,"2025-06-03 10:22:10","2025-06-03 10:22:10"
10266,8943,Site,Site,1693483432,1693483432,,"2025-06-03 10:22:10","2025-06-03 10:22:10"
10267,8943,Domain,Domain,1693483432,1693483432,,"2025-06-03 10:22:10","2025-06-03 10:22:10"
10268,8943,domainType,domainType,1693483432,1693483432,,"2025-06-03 10:22:10","2025-06-03 10:22:10"
10269,8943,NFName,NFName,1693483432,1693483432,,"2025-06-03 10:22:10","2025-06-03 10:22:10"
10270,8943,NFType,NFType,1693483432,1693483432,,"2025-06-03 10:22:10","2025-06-03 10:22:10"
10271,8943,interval,interval,1693483432,1693483432,,"2025-06-03 10:22:10","2025-06-03 10:22:10"
10272,8944,displayName,deviceName,1693483432,1693483432,,"2025-06-03 10:22:10","2025-06-03 10:22:10"
10273,8944,Market,Market,1693483432,1693483432,,"2025-06-03 10:22:10","2025-06-03 10:22:10"
10274,8944,Region,Region,1693483432,1693483432,,"2025-06-03 10:22:10","2025-06-03 10:22:10"
10275,8944,technology,technology,1693483432,1693483432,,"2025-06-03 10:22:10","2025-06-03 10:22:10"
10276,8944,version,version,1693483432,1693483432,,"2025-06-03 10:22:10","2025-06-03 10:22:10"
10277,8944,Site,Site,1693483432,1693483432,,"2025-06-03 10:22:10","2025-06-03 10:22:10"
10278,8944,Domain,Domain,1693483432,1693483432,,"2025-06-03 10:22:10","2025-06-03 10:22:10"
10279,8944,domainType,domainType,1693483432,1693483432,,"2025-06-03 10:22:10","2025-06-03 10:22:10"
10280,8944,NFName,NFName,1693483432,1693483432,,"2025-06-03 10:22:10","2025-06-03 10:22:10"
10281,8944,NFType,NFType,1693483432,1693483432,,"2025-06-03 10:22:10","2025-06-03 10:22:10"
10282,8944,interval,interval,1693483432,1693483432,,"2025-06-03 10:22:10","2025-06-03 10:22:10"
10283,8945,displayName,deviceName,1693483432,1693483432,,"2025-06-03 10:22:10","2025-06-03 10:22:10"
10284,8945,Market,Market,1693483432,1693483432,,"2025-06-03 10:22:10","2025-06-03 10:22:10"
10285,8945,Region,Region,1693483432,1693483432,,"2025-06-03 10:22:10","2025-06-03 10:22:10"
10286,8945,technology,technology,1693483432,1693483432,,"2025-06-03 10:22:10","2025-06-03 10:22:10"
10287,8945,version,version,1693483432,1693483432,,"2025-06-03 10:22:10","2025-06-03 10:22:10"
10288,8945,Site,Site,1693483432,1693483432,,"2025-06-03 10:22:10","2025-06-03 10:22:10"
10289,8945,Domain,Domain,1693483432,1693483432,,"2025-06-03 10:22:10","2025-06-03 10:22:10"
10290,8945,domainType,domainType,1693483432,1693483432,,"2025-06-03 10:22:10","2025-06-03 10:22:10"
10291,8945,NFName,NFName,1693483432,1693483432,,"2025-06-03 10:22:10","2025-06-03 10:22:10"
10292,8945,NFType,NFType,1693483432,1693483432,,"2025-06-03 10:22:10","2025-06-03 10:22:10"
10293,8945,interval,interval,1693483432,1693483432,,"2025-06-03 10:22:10","2025-06-03 10:22:10"
10294,8978,displayName,deviceName,1699881174,1699881174,,"2025-06-03 10:22:10","2025-06-03 10:22:10"
10295,8978,Market,Market,1699881174,1699881174,,"2025-06-03 10:22:10","2025-06-03 10:22:10"
10296,8978,Region,Region,1699881174,1699881174,,"2025-06-03 10:22:10","2025-06-03 10:22:10"
10297,8978,technology,technology,1699881174,1699881174,,"2025-06-03 10:22:10","2025-06-03 10:22:10"
10298,8978,version,version,1699881174,1699881174,,"2025-06-03 10:22:10","2025-06-03 10:22:10"
10299,8978,Site,Site,1699881174,1699881174,,"2025-06-03 10:22:10","2025-06-03 10:22:10"
10300,8978,Domain,Domain,1699881174,1699881174,,"2025-06-03 10:22:10","2025-06-03 10:22:10"
10301,8978,domainType,domainType,1699881174,1699881174,,"2025-06-03 10:22:10","2025-06-03 10:22:10"
10302,8978,NFName,NFName,1699881174,1699881174,,"2025-06-03 10:22:10","2025-06-03 10:22:10"
10303,8978,NFType,NFType,1699881174,1699881174,,"2025-06-03 10:22:10","2025-06-03 10:22:10"
10304,8978,interval,interval,1699881174,1699881174,,"2025-06-03 10:22:10","2025-06-03 10:22:10"
10305,8979,displayName,deviceName,1699882430,1699882430,,"2025-06-03 10:22:10","2025-06-03 10:22:10"
10306,8979,Market,Market,1699882430,1699882430,,"2025-06-03 10:22:10","2025-06-03 10:22:10"
10307,8979,Region,Region,1699882430,1699882430,,"2025-06-03 10:22:10","2025-06-03 10:22:10"
10308,8979,technology,technology,1699882430,1699882430,,"2025-06-03 10:22:10","2025-06-03 10:22:10"
10309,8979,version,version,1699882430,1699882430,,"2025-06-03 10:22:10","2025-06-03 10:22:10"
10310,8979,Site,Site,1699882430,1699882430,,"2025-06-03 10:22:10","2025-06-03 10:22:10"
10311,8979,Domain,Domain,1699882430,1699882430,,"2025-06-03 10:22:10","2025-06-03 10:22:10"
10312,8979,domainType,domainType,1699882430,1699882430,,"2025-06-03 10:22:10","2025-06-03 10:22:10"
10313,8979,NFName,NFName,1699882430,1699882430,,"2025-06-03 10:22:10","2025-06-03 10:22:10"
10314,8979,NFType,NFType,1699882430,1699882430,,"2025-06-03 10:22:10","2025-06-03 10:22:10"
10315,8979,interval,interval,1699882430,1699882430,,"2025-06-03 10:22:10","2025-06-03 10:22:10"
10316,8980,displayName,deviceName,1699882430,1699882430,,"2025-06-03 10:22:10","2025-06-03 10:22:10"
10317,8980,Market,Market,1699882430,1699882430,,"2025-06-03 10:22:10","2025-06-03 10:22:10"
10318,8980,Region,Region,1699882430,1699882430,,"2025-06-03 10:22:10","2025-06-03 10:22:10"
10319,8980,technology,technology,1699882430,1699882430,,"2025-06-03 10:22:10","2025-06-03 10:22:10"
10320,8980,version,version,1699882430,1699882430,,"2025-06-03 10:22:10","2025-06-03 10:22:10"
10321,8980,Site,Site,1699882430,1699882430,,"2025-06-03 10:22:10","2025-06-03 10:22:10"
10322,8980,Domain,Domain,1699882430,1699882430,,"2025-06-03 10:22:10","2025-06-03 10:22:10"
10323,8980,domainType,domainType,1699882430,1699882430,,"2025-06-03 10:22:10","2025-06-03 10:22:10"
10324,8980,NFName,NFName,1699882430,1699882430,,"2025-06-03 10:22:10","2025-06-03 10:22:10"
10325,8980,NFType,NFType,1699882430,1699882430,,"2025-06-03 10:22:10","2025-06-03 10:22:10"
10326,8980,interval,interval,1699882430,1699882430,,"2025-06-03 10:22:10","2025-06-03 10:22:10"
10327,8981,displayName,deviceName,1699882430,1699882430,,"2025-06-03 10:22:10","2025-06-03 10:22:10"
10328,8981,Market,Market,1699882430,1699882430,,"2025-06-03 10:22:10","2025-06-03 10:22:10"
10329,8981,Region,Region,1699882430,1699882430,,"2025-06-03 10:22:10","2025-06-03 10:22:10"
10330,8981,technology,technology,1699882430,1699882430,,"2025-06-03 10:22:10","2025-06-03 10:22:10"
10331,8981,version,version,1699882430,1699882430,,"2025-06-03 10:22:10","2025-06-03 10:22:10"
10332,8981,Site,Site,1699882430,1699882430,,"2025-06-03 10:22:10","2025-06-03 10:22:10"
10333,8981,Domain,Domain,1699882430,1699882430,,"2025-06-03 10:22:10","2025-06-03 10:22:10"
10334,8981,domainType,domainType,1699882430,1699882430,,"2025-06-03 10:22:10","2025-06-03 10:22:10"
10335,8981,NFName,NFName,1699882430,1699882430,,"2025-06-03 10:22:10","2025-06-03 10:22:10"
10336,8981,NFType,NFType,1699882430,1699882430,,"2025-06-03 10:22:10","2025-06-03 10:22:10"
10337,8981,interval,interval,1699882430,1699882430,,"2025-06-03 10:22:10","2025-06-03 10:22:10"
10338,8982,displayName,deviceName,1699882430,1699882430,,"2025-06-03 10:22:10","2025-06-03 10:22:10"
10339,8982,Market,Market,1699882430,1699882430,,"2025-06-03 10:22:10","2025-06-03 10:22:10"
10340,8982,Region,Region,1699882430,1699882430,,"2025-06-03 10:22:10","2025-06-03 10:22:10"
10341,8982,technology,technology,1699882430,1699882430,,"2025-06-03 10:22:10","2025-06-03 10:22:10"
10342,8982,version,version,1699882430,1699882430,,"2025-06-03 10:22:10","2025-06-03 10:22:10"
10343,8982,Site,Site,1699882430,1699882430,,"2025-06-03 10:22:10","2025-06-03 10:22:10"
10344,8982,Domain,Domain,1699882430,1699882430,,"2025-06-03 10:22:10","2025-06-03 10:22:10"
10345,8982,domainType,domainType,1699882430,1699882430,,"2025-06-03 10:22:10","2025-06-03 10:22:10"
10346,8982,NFName,NFName,1699882430,1699882430,,"2025-06-03 10:22:10","2025-06-03 10:22:10"
10347,8982,NFType,NFType,1699882430,1699882430,,"2025-06-03 10:22:10","2025-06-03 10:22:10"
10348,8982,interval,interval,1699882430,1699882430,,"2025-06-03 10:22:10","2025-06-03 10:22:10"
10349,8983,displayName,deviceName,1699882430,1699882430,,"2025-06-03 10:22:10","2025-06-03 10:22:10"
10350,8983,Market,Market,1699882430,1699882430,,"2025-06-03 10:22:10","2025-06-03 10:22:10"
10351,8983,Region,Region,1699882430,1699882430,,"2025-06-03 10:22:10","2025-06-03 10:22:10"
10352,8983,technology,technology,1699882430,1699882430,,"2025-06-03 10:22:10","2025-06-03 10:22:10"
10353,8983,version,version,1699882430,1699882430,,"2025-06-03 10:22:10","2025-06-03 10:22:10"
10354,8983,Site,Site,1699882430,1699882430,,"2025-06-03 10:22:10","2025-06-03 10:22:10"
10355,8983,Domain,Domain,1699882430,1699882430,,"2025-06-03 10:22:10","2025-06-03 10:22:10"
10356,8983,domainType,domainType,1699882430,1699882430,,"2025-06-03 10:22:10","2025-06-03 10:22:10"
10357,8983,NFName,NFName,1699882430,1699882430,,"2025-06-03 10:22:10","2025-06-03 10:22:10"
10358,8983,NFType,NFType,1699882430,1699882430,,"2025-06-03 10:22:10","2025-06-03 10:22:10"
10359,8983,interval,interval,1699882430,1699882430,,"2025-06-03 10:22:10","2025-06-03 10:22:10"
10360,8984,displayName,deviceName,1699882430,1699882430,,"2025-06-03 10:22:10","2025-06-03 10:22:10"
10361,8984,Market,Market,1699882430,1699882430,,"2025-06-03 10:22:10","2025-06-03 10:22:10"
10362,8984,Region,Region,1699882430,1699882430,,"2025-06-03 10:22:10","2025-06-03 10:22:10"
10363,8984,technology,technology,1699882430,1699882430,,"2025-06-03 10:22:10","2025-06-03 10:22:10"
10364,8984,version,version,1699882430,1699882430,,"2025-06-03 10:22:10","2025-06-03 10:22:10"
10365,8984,Site,Site,1699882430,1699882430,,"2025-06-03 10:22:10","2025-06-03 10:22:10"
10366,8984,Domain,Domain,1699882430,1699882430,,"2025-06-03 10:22:10","2025-06-03 10:22:10"
10367,8984,domainType,domainType,1699882430,1699882430,,"2025-06-03 10:22:10","2025-06-03 10:22:10"
10368,8984,NFName,NFName,1699882430,1699882430,,"2025-06-03 10:22:10","2025-06-03 10:22:10"
10369,8984,NFType,NFType,1699882430,1699882430,,"2025-06-03 10:22:10","2025-06-03 10:22:10"
10370,8984,interval,interval,1699882430,1699882430,,"2025-06-03 10:22:10","2025-06-03 10:22:10"
10371,8985,displayName,deviceName,1699883379,1699883379,,"2025-06-03 10:22:10","2025-06-03 10:22:10"
10372,8985,Market,Market,1699883379,1699883379,,"2025-06-03 10:22:10","2025-06-03 10:22:10"
10373,8985,Region,Region,1699883379,1699883379,,"2025-06-03 10:22:10","2025-06-03 10:22:10"
10374,8985,technology,technology,1699883379,1699883379,,"2025-06-03 10:22:10","2025-06-03 10:22:10"
10375,8985,version,version,1699883379,1699883379,,"2025-06-03 10:22:10","2025-06-03 10:22:10"
10376,8985,Site,Site,1699883379,1699883379,,"2025-06-03 10:22:10","2025-06-03 10:22:10"
10377,8985,Domain,Domain,1699883379,1699883379,,"2025-06-03 10:22:10","2025-06-03 10:22:10"
10378,8985,domainType,domainType,1699883379,1699883379,,"2025-06-03 10:22:10","2025-06-03 10:22:10"
10379,8985,NFName,NFName,1699883379,1699883379,,"2025-06-03 10:22:10","2025-06-03 10:22:10"
10380,8985,NFType,NFType,1699883379,1699883379,,"2025-06-03 10:22:10","2025-06-03 10:22:10"
10381,8985,interval,interval,1699883379,1699883379,,"2025-06-03 10:22:10","2025-06-03 10:22:10"
10382,8986,displayName,deviceName,1699883379,1699883379,,"2025-06-03 10:22:10","2025-06-03 10:22:10"
10383,8986,Market,Market,1699883379,1699883379,,"2025-06-03 10:22:10","2025-06-03 10:22:10"
10384,8986,Region,Region,1699883379,1699883379,,"2025-06-03 10:22:10","2025-06-03 10:22:10"
10385,8986,technology,technology,1699883379,1699883379,,"2025-06-03 10:22:10","2025-06-03 10:22:10"
10386,8986,version,version,1699883379,1699883379,,"2025-06-03 10:22:10","2025-06-03 10:22:10"
10387,8986,Site,Site,1699883379,1699883379,,"2025-06-03 10:22:10","2025-06-03 10:22:10"
10388,8986,Domain,Domain,1699883379,1699883379,,"2025-06-03 10:22:10","2025-06-03 10:22:10"
10389,8986,domainType,domainType,1699883379,1699883379,,"2025-06-03 10:22:10","2025-06-03 10:22:10"
10390,8986,NFName,NFName,1699883379,1699883379,,"2025-06-03 10:22:10","2025-06-03 10:22:10"
10391,8986,NFType,NFType,1699883379,1699883379,,"2025-06-03 10:22:10","2025-06-03 10:22:10"
10392,8986,interval,interval,1699883379,1699883379,,"2025-06-03 10:22:10","2025-06-03 10:22:10"
10393,8987,displayName,deviceName,1699883379,1699883379,,"2025-06-03 10:22:10","2025-06-03 10:22:10"
10394,8987,Market,Market,1699883379,1699883379,,"2025-06-03 10:22:10","2025-06-03 10:22:10"
10395,8987,Region,Region,1699883379,1699883379,,"2025-06-03 10:22:10","2025-06-03 10:22:10"
10396,8987,technology,technology,1699883379,1699883379,,"2025-06-03 10:22:10","2025-06-03 10:22:10"
10397,8987,version,version,1699883379,1699883379,,"2025-06-03 10:22:10","2025-06-03 10:22:10"
10398,8987,Site,Site,1699883379,1699883379,,"2025-06-03 10:22:10","2025-06-03 10:22:10"
10399,8987,Domain,Domain,1699883379,1699883379,,"2025-06-03 10:22:10","2025-06-03 10:22:10"
10400,8987,domainType,domainType,1699883379,1699883379,,"2025-06-03 10:22:10","2025-06-03 10:22:10"
10401,8987,NFName,NFName,1699883379,1699883379,,"2025-06-03 10:22:10","2025-06-03 10:22:10"
10402,8987,NFType,NFType,1699883379,1699883379,,"2025-06-03 10:22:10","2025-06-03 10:22:10"
10403,8987,interval,interval,1699883379,1699883379,,"2025-06-03 10:22:10","2025-06-03 10:22:10"
10404,8988,displayName,deviceName,1699883379,1699883379,,"2025-06-03 10:22:10","2025-06-03 10:22:10"
10405,8988,Market,Market,1699883379,1699883379,,"2025-06-03 10:22:10","2025-06-03 10:22:10"
10406,8988,Region,Region,1699883379,1699883379,,"2025-06-03 10:22:10","2025-06-03 10:22:10"
10407,8988,technology,technology,1699883379,1699883379,,"2025-06-03 10:22:10","2025-06-03 10:22:10"
10408,8988,version,version,1699883379,1699883379,,"2025-06-03 10:22:10","2025-06-03 10:22:10"
10409,8988,Site,Site,1699883379,1699883379,,"2025-06-03 10:22:10","2025-06-03 10:22:10"
10410,8988,Domain,Domain,1699883379,1699883379,,"2025-06-03 10:22:10","2025-06-03 10:22:10"
10411,8988,domainType,domainType,1699883379,1699883379,,"2025-06-03 10:22:10","2025-06-03 10:22:10"
10412,8988,NFName,NFName,1699883379,1699883379,,"2025-06-03 10:22:10","2025-06-03 10:22:10"
10413,8988,NFType,NFType,1699883379,1699883379,,"2025-06-03 10:22:10","2025-06-03 10:22:10"
10414,8988,interval,interval,1699883379,1699883379,,"2025-06-03 10:22:10","2025-06-03 10:22:10"
10415,8989,displayName,deviceName,1699883379,1699883379,,"2025-06-03 10:22:10","2025-06-03 10:22:10"
10416,8989,Market,Market,1699883379,1699883379,,"2025-06-03 10:22:10","2025-06-03 10:22:10"
10417,8989,Region,Region,1699883379,1699883379,,"2025-06-03 10:22:10","2025-06-03 10:22:10"
10418,8989,technology,technology,1699883379,1699883379,,"2025-06-03 10:22:10","2025-06-03 10:22:10"
10419,8989,version,version,1699883379,1699883379,,"2025-06-03 10:22:10","2025-06-03 10:22:10"
10420,8989,Site,Site,1699883379,1699883379,,"2025-06-03 10:22:10","2025-06-03 10:22:10"
10421,8989,Domain,Domain,1699883379,1699883379,,"2025-06-03 10:22:10","2025-06-03 10:22:10"
10422,8989,domainType,domainType,1699883379,1699883379,,"2025-06-03 10:22:10","2025-06-03 10:22:10"
10423,8989,NFName,NFName,1699883379,1699883379,,"2025-06-03 10:22:10","2025-06-03 10:22:10"
10424,8989,NFType,NFType,1699883379,1699883379,,"2025-06-03 10:22:10","2025-06-03 10:22:10"
10425,8989,interval,interval,1699883379,1699883379,,"2025-06-03 10:22:10","2025-06-03 10:22:10"
10426,8990,displayName,deviceName,1699883379,1699883379,,"2025-06-03 10:22:10","2025-06-03 10:22:10"
10427,8990,Market,Market,1699883379,1699883379,,"2025-06-03 10:22:10","2025-06-03 10:22:10"
10428,8990,Region,Region,1699883379,1699883379,,"2025-06-03 10:22:10","2025-06-03 10:22:10"
10429,8990,technology,technology,1699883379,1699883379,,"2025-06-03 10:22:10","2025-06-03 10:22:10"
10430,8990,version,version,1699883379,1699883379,,"2025-06-03 10:22:10","2025-06-03 10:22:10"
10431,8990,Site,Site,1699883379,1699883379,,"2025-06-03 10:22:10","2025-06-03 10:22:10"
10432,8990,Domain,Domain,1699883379,1699883379,,"2025-06-03 10:22:10","2025-06-03 10:22:10"
10433,8990,domainType,domainType,1699883379,1699883379,,"2025-06-03 10:22:10","2025-06-03 10:22:10"
10434,8990,NFName,NFName,1699883379,1699883379,,"2025-06-03 10:22:10","2025-06-03 10:22:10"
10435,8990,NFType,NFType,1699883379,1699883379,,"2025-06-03 10:22:10","2025-06-03 10:22:10"
10436,8990,interval,interval,1699883379,1699883379,,"2025-06-03 10:22:10","2025-06-03 10:22:10"
10437,8991,displayName,deviceName,1699883865,1699883865,,"2025-06-03 10:22:10","2025-06-03 10:22:10"
10438,8991,Market,Market,1699883865,1699883865,,"2025-06-03 10:22:10","2025-06-03 10:22:10"
10439,8991,Region,Region,1699883865,1699883865,,"2025-06-03 10:22:10","2025-06-03 10:22:10"
10440,8991,technology,technology,1699883865,1699883865,,"2025-06-03 10:22:10","2025-06-03 10:22:10"
10441,8991,version,version,1699883865,1699883865,,"2025-06-03 10:22:10","2025-06-03 10:22:10"
10442,8991,Site,Site,1699883865,1699883865,,"2025-06-03 10:22:10","2025-06-03 10:22:10"
10443,8991,Domain,Domain,1699883865,1699883865,,"2025-06-03 10:22:10","2025-06-03 10:22:10"
10444,8991,domainType,domainType,1699883865,1699883865,,"2025-06-03 10:22:10","2025-06-03 10:22:10"
10445,8991,NFName,NFName,1699883865,1699883865,,"2025-06-03 10:22:10","2025-06-03 10:22:10"
10446,8991,NFType,NFType,1699883865,1699883865,,"2025-06-03 10:22:10","2025-06-03 10:22:10"
10447,8991,interval,interval,1699883865,1699883865,,"2025-06-03 10:22:10","2025-06-03 10:22:10"
10448,8992,displayName,deviceName,1699883865,1699883865,,"2025-06-03 10:22:10","2025-06-03 10:22:10"
10449,8992,Market,Market,1699883865,1699883865,,"2025-06-03 10:22:10","2025-06-03 10:22:10"
10450,8992,Region,Region,1699883865,1699883865,,"2025-06-03 10:22:10","2025-06-03 10:22:10"
10451,8992,technology,technology,1699883865,1699883865,,"2025-06-03 10:22:10","2025-06-03 10:22:10"
10452,8992,version,version,1699883865,1699883865,,"2025-06-03 10:22:10","2025-06-03 10:22:10"
10453,8992,Site,Site,1699883865,1699883865,,"2025-06-03 10:22:10","2025-06-03 10:22:10"
10454,8992,Domain,Domain,1699883865,1699883865,,"2025-06-03 10:22:10","2025-06-03 10:22:10"
10455,8992,domainType,domainType,1699883865,1699883865,,"2025-06-03 10:22:10","2025-06-03 10:22:10"
10456,8992,NFName,NFName,1699883865,1699883865,,"2025-06-03 10:22:10","2025-06-03 10:22:10"
10457,8992,NFType,NFType,1699883865,1699883865,,"2025-06-03 10:22:10","2025-06-03 10:22:10"
10458,8992,interval,interval,1699883865,1699883865,,"2025-06-03 10:22:10","2025-06-03 10:22:10"
10459,8993,displayName,deviceName,1699883865,1699883865,,"2025-06-03 10:22:10","2025-06-03 10:22:10"
10460,8993,Market,Market,1699883865,1699883865,,"2025-06-03 10:22:10","2025-06-03 10:22:10"
10461,8993,Region,Region,1699883865,1699883865,,"2025-06-03 10:22:10","2025-06-03 10:22:10"
10462,8993,technology,technology,1699883865,1699883865,,"2025-06-03 10:22:10","2025-06-03 10:22:10"
10463,8993,version,version,1699883865,1699883865,,"2025-06-03 10:22:10","2025-06-03 10:22:10"
10464,8993,Site,Site,1699883865,1699883865,,"2025-06-03 10:22:10","2025-06-03 10:22:10"
10465,8993,Domain,Domain,1699883865,1699883865,,"2025-06-03 10:22:10","2025-06-03 10:22:10"
10466,8993,domainType,domainType,1699883865,1699883865,,"2025-06-03 10:22:10","2025-06-03 10:22:10"
10467,8993,NFName,NFName,1699883865,1699883865,,"2025-06-03 10:22:10","2025-06-03 10:22:10"
10468,8993,NFType,NFType,1699883865,1699883865,,"2025-06-03 10:22:10","2025-06-03 10:22:10"
10469,8993,interval,interval,1699883865,1699883865,,"2025-06-03 10:22:10","2025-06-03 10:22:10"
10470,8994,displayName,deviceName,1699883865,1699883865,,"2025-06-03 10:22:10","2025-06-03 10:22:10"
10471,8994,Market,Market,1699883865,1699883865,,"2025-06-03 10:22:10","2025-06-03 10:22:10"
10472,8994,Region,Region,1699883865,1699883865,,"2025-06-03 10:22:10","2025-06-03 10:22:10"
10473,8994,technology,technology,1699883865,1699883865,,"2025-06-03 10:22:10","2025-06-03 10:22:10"
10474,8994,version,version,1699883865,1699883865,,"2025-06-03 10:22:10","2025-06-03 10:22:10"
10475,8994,Site,Site,1699883865,1699883865,,"2025-06-03 10:22:10","2025-06-03 10:22:10"
10476,8994,Domain,Domain,1699883865,1699883865,,"2025-06-03 10:22:10","2025-06-03 10:22:10"
10477,8994,domainType,domainType,1699883865,1699883865,,"2025-06-03 10:22:10","2025-06-03 10:22:10"
10478,8994,NFName,NFName,1699883865,1699883865,,"2025-06-03 10:22:10","2025-06-03 10:22:10"
10479,8994,NFType,NFType,1699883865,1699883865,,"2025-06-03 10:22:10","2025-06-03 10:22:10"
10480,8994,interval,interval,1699883865,1699883865,,"2025-06-03 10:22:10","2025-06-03 10:22:10"
10481,8995,displayName,deviceName,1699883865,1699883865,,"2025-06-03 10:22:10","2025-06-03 10:22:10"
10482,8995,Market,Market,1699883865,1699883865,,"2025-06-03 10:22:10","2025-06-03 10:22:10"
10483,8995,Region,Region,1699883865,1699883865,,"2025-06-03 10:22:10","2025-06-03 10:22:10"
10484,8995,technology,technology,1699883865,1699883865,,"2025-06-03 10:22:10","2025-06-03 10:22:10"
10485,8995,version,version,1699883865,1699883865,,"2025-06-03 10:22:10","2025-06-03 10:22:10"
10486,8995,Site,Site,1699883865,1699883865,,"2025-06-03 10:22:10","2025-06-03 10:22:10"
10487,8995,Domain,Domain,1699883865,1699883865,,"2025-06-03 10:22:10","2025-06-03 10:22:10"
10488,8995,domainType,domainType,1699883865,1699883865,,"2025-06-03 10:22:10","2025-06-03 10:22:10"
10489,8995,NFName,NFName,1699883865,1699883865,,"2025-06-03 10:22:10","2025-06-03 10:22:10"
10490,8995,NFType,NFType,1699883865,1699883865,,"2025-06-03 10:22:10","2025-06-03 10:22:10"
10491,8995,interval,interval,1699883865,1699883865,,"2025-06-03 10:22:10","2025-06-03 10:22:10"
10492,8996,displayName,deviceName,1699883865,1699883865,,"2025-06-03 10:22:10","2025-06-03 10:22:10"
10493,8996,Market,Market,1699883865,1699883865,,"2025-06-03 10:22:10","2025-06-03 10:22:10"
10494,8996,Region,Region,1699883865,1699883865,,"2025-06-03 10:22:10","2025-06-03 10:22:10"
10495,8996,technology,technology,1699883865,1699883865,,"2025-06-03 10:22:10","2025-06-03 10:22:10"
10496,8996,version,version,1699883865,1699883865,,"2025-06-03 10:22:10","2025-06-03 10:22:10"
10497,8996,Site,Site,1699883865,1699883865,,"2025-06-03 10:22:10","2025-06-03 10:22:10"
10498,8996,Domain,Domain,1699883865,1699883865,,"2025-06-03 10:22:10","2025-06-03 10:22:10"
10499,8996,domainType,domainType,1699883865,1699883865,,"2025-06-03 10:22:10","2025-06-03 10:22:10"
10500,8996,NFName,NFName,1699883865,1699883865,,"2025-06-03 10:22:10","2025-06-03 10:22:10"
10501,8996,NFType,NFType,1699883865,1699883865,,"2025-06-03 10:22:10","2025-06-03 10:22:10"
10502,8996,interval,interval,1699883865,1699883865,,"2025-06-03 10:22:10","2025-06-03 10:22:10"
10503,9004,displayName,deviceName,1700497868,1700497868,,"2025-06-03 10:22:10","2025-06-03 10:22:10"
10504,9004,Market,Market,1700497868,1700497868,,"2025-06-03 10:22:10","2025-06-03 10:22:10"
10505,9004,Region,Region,1700497868,1700497868,,"2025-06-03 10:22:10","2025-06-03 10:22:10"
10506,9004,technology,technology,1700497868,1700497868,,"2025-06-03 10:22:10","2025-06-03 10:22:10"
10507,9004,version,version,1700497868,1700497868,,"2025-06-03 10:22:10","2025-06-03 10:22:10"
10508,9004,Site,Site,1700497868,1700497868,,"2025-06-03 10:22:10","2025-06-03 10:22:10"
10509,9004,Domain,Domain,1700497868,1700497868,,"2025-06-03 10:22:10","2025-06-03 10:22:10"
10510,9004,domainType,domainType,1700497868,1700497868,,"2025-06-03 10:22:10","2025-06-03 10:22:10"
10511,9004,NFName,NFName,1700497868,1700497868,,"2025-06-03 10:22:10","2025-06-03 10:22:10"
10512,9004,NFType,NFType,1700497868,1700497868,,"2025-06-03 10:22:10","2025-06-03 10:22:10"
10513,9004,interval,interval,1700497868,1700497868,,"2025-06-03 10:22:10","2025-06-03 10:22:10"
10514,9005,displayName,deviceName,1700497868,1700497868,,"2025-06-03 10:22:10","2025-06-03 10:22:10"
10515,9005,Market,Market,1700497868,1700497868,,"2025-06-03 10:22:10","2025-06-03 10:22:10"
10516,9005,Region,Region,1700497868,1700497868,,"2025-06-03 10:22:10","2025-06-03 10:22:10"
10517,9005,technology,technology,1700497868,1700497868,,"2025-06-03 10:22:10","2025-06-03 10:22:10"
10518,9005,version,version,1700497868,1700497868,,"2025-06-03 10:22:10","2025-06-03 10:22:10"
10519,9005,Site,Site,1700497868,1700497868,,"2025-06-03 10:22:10","2025-06-03 10:22:10"
10520,9005,Domain,Domain,1700497868,1700497868,,"2025-06-03 10:22:10","2025-06-03 10:22:10"
10521,9005,domainType,domainType,1700497868,1700497868,,"2025-06-03 10:22:10","2025-06-03 10:22:10"
10522,9005,NFName,NFName,1700497868,1700497868,,"2025-06-03 10:22:10","2025-06-03 10:22:10"
10523,9005,NFType,NFType,1700497868,1700497868,,"2025-06-03 10:22:10","2025-06-03 10:22:10"
10524,9005,interval,interval,1700497868,1700497868,,"2025-06-03 10:22:10","2025-06-03 10:22:10"
10525,9006,displayName,deviceName,1700497868,1700497868,,"2025-06-03 10:22:10","2025-06-03 10:22:10"
10526,9006,Market,Market,1700497868,1700497868,,"2025-06-03 10:22:10","2025-06-03 10:22:10"
10527,9006,Region,Region,1700497868,1700497868,,"2025-06-03 10:22:10","2025-06-03 10:22:10"
10528,9006,technology,technology,1700497868,1700497868,,"2025-06-03 10:22:10","2025-06-03 10:22:10"
10529,9006,version,version,1700497868,1700497868,,"2025-06-03 10:22:10","2025-06-03 10:22:10"
10530,9006,Site,Site,1700497868,1700497868,,"2025-06-03 10:22:10","2025-06-03 10:22:10"
10531,9006,Domain,Domain,1700497868,1700497868,,"2025-06-03 10:22:10","2025-06-03 10:22:10"
10532,9006,domainType,domainType,1700497868,1700497868,,"2025-06-03 10:22:10","2025-06-03 10:22:10"
10533,9006,NFName,NFName,1700497868,1700497868,,"2025-06-03 10:22:10","2025-06-03 10:22:10"
10534,9006,NFType,NFType,1700497868,1700497868,,"2025-06-03 10:22:10","2025-06-03 10:22:10"
10535,9006,interval,interval,1700497868,1700497868,,"2025-06-03 10:22:10","2025-06-03 10:22:10"
10536,9007,displayName,deviceName,1700497868,1700497868,,"2025-06-03 10:22:10","2025-06-03 10:22:10"
10537,9007,Market,Market,1700497868,1700497868,,"2025-06-03 10:22:10","2025-06-03 10:22:10"
10538,9007,Region,Region,1700497868,1700497868,,"2025-06-03 10:22:10","2025-06-03 10:22:10"
10539,9007,technology,technology,1700497868,1700497868,,"2025-06-03 10:22:10","2025-06-03 10:22:10"
10540,9007,version,version,1700497868,1700497868,,"2025-06-03 10:22:10","2025-06-03 10:22:10"
10541,9007,Site,Site,1700497868,1700497868,,"2025-06-03 10:22:10","2025-06-03 10:22:10"
10542,9007,Domain,Domain,1700497868,1700497868,,"2025-06-03 10:22:10","2025-06-03 10:22:10"
10543,9007,domainType,domainType,1700497868,1700497868,,"2025-06-03 10:22:10","2025-06-03 10:22:10"
10544,9007,NFName,NFName,1700497868,1700497868,,"2025-06-03 10:22:10","2025-06-03 10:22:10"
10545,9007,NFType,NFType,1700497868,1700497868,,"2025-06-03 10:22:10","2025-06-03 10:22:10"
10546,9007,interval,interval,1700497868,1700497868,,"2025-06-03 10:22:10","2025-06-03 10:22:10"
10547,9008,displayName,deviceName,1700497868,1700497868,,"2025-06-03 10:22:10","2025-06-03 10:22:10"
10548,9008,Market,Market,1700497868,1700497868,,"2025-06-03 10:22:10","2025-06-03 10:22:10"
10549,9008,Region,Region,1700497868,1700497868,,"2025-06-03 10:22:10","2025-06-03 10:22:10"
10550,9008,technology,technology,1700497868,1700497868,,"2025-06-03 10:22:10","2025-06-03 10:22:10"
10551,9008,version,version,1700497868,1700497868,,"2025-06-03 10:22:10","2025-06-03 10:22:10"
10552,9008,Site,Site,1700497868,1700497868,,"2025-06-03 10:22:10","2025-06-03 10:22:10"
10553,9008,Domain,Domain,1700497868,1700497868,,"2025-06-03 10:22:10","2025-06-03 10:22:10"
10554,9008,domainType,domainType,1700497868,1700497868,,"2025-06-03 10:22:10","2025-06-03 10:22:10"
10555,9008,NFName,NFName,1700497868,1700497868,,"2025-06-03 10:22:10","2025-06-03 10:22:10"
10556,9008,NFType,NFType,1700497868,1700497868,,"2025-06-03 10:22:10","2025-06-03 10:22:10"
10557,9008,interval,interval,1700497868,1700497868,,"2025-06-03 10:22:10","2025-06-03 10:22:10"
10558,9009,displayName,deviceName,1700497868,1700497868,,"2025-06-03 10:22:10","2025-06-03 10:22:10"
10559,9009,Market,Market,1700497868,1700497868,,"2025-06-03 10:22:10","2025-06-03 10:22:10"
10560,9009,Region,Region,1700497868,1700497868,,"2025-06-03 10:22:10","2025-06-03 10:22:10"
10561,9009,technology,technology,1700497868,1700497868,,"2025-06-03 10:22:10","2025-06-03 10:22:10"
10562,9009,version,version,1700497868,1700497868,,"2025-06-03 10:22:10","2025-06-03 10:22:10"
10563,9009,Site,Site,1700497868,1700497868,,"2025-06-03 10:22:10","2025-06-03 10:22:10"
10564,9009,Domain,Domain,1700497868,1700497868,,"2025-06-03 10:22:10","2025-06-03 10:22:10"
10565,9009,domainType,domainType,1700497868,1700497868,,"2025-06-03 10:22:10","2025-06-03 10:22:10"
10566,9009,NFName,NFName,1700497868,1700497868,,"2025-06-03 10:22:10","2025-06-03 10:22:10"
10567,9009,NFType,NFType,1700497868,1700497868,,"2025-06-03 10:22:10","2025-06-03 10:22:10"
10568,9009,interval,interval,1700497868,1700497868,,"2025-06-03 10:22:10","2025-06-03 10:22:10"
10569,9010,displayName,deviceName,1700497868,1700497868,,"2025-06-03 10:22:10","2025-06-03 10:22:10"
10570,9010,Market,Market,1700497868,1700497868,,"2025-06-03 10:22:10","2025-06-03 10:22:10"
10571,9010,Region,Region,1700497868,1700497868,,"2025-06-03 10:22:10","2025-06-03 10:22:10"
10572,9010,technology,technology,1700497868,1700497868,,"2025-06-03 10:22:10","2025-06-03 10:22:10"
10573,9010,version,version,1700497868,1700497868,,"2025-06-03 10:22:10","2025-06-03 10:22:10"
10574,9010,Site,Site,1700497868,1700497868,,"2025-06-03 10:22:10","2025-06-03 10:22:10"
10575,9010,Domain,Domain,1700497868,1700497868,,"2025-06-03 10:22:10","2025-06-03 10:22:10"
10576,9010,domainType,domainType,1700497868,1700497868,,"2025-06-03 10:22:10","2025-06-03 10:22:10"
10577,9010,NFName,NFName,1700497868,1700497868,,"2025-06-03 10:22:10","2025-06-03 10:22:10"
10578,9010,NFType,NFType,1700497868,1700497868,,"2025-06-03 10:22:10","2025-06-03 10:22:10"
10579,9010,interval,interval,1700497868,1700497868,,"2025-06-03 10:22:10","2025-06-03 10:22:10"
10580,9011,displayName,deviceName,1700497868,1700497868,,"2025-06-03 10:22:10","2025-06-03 10:22:10"
10581,9011,Market,Market,1700497868,1700497868,,"2025-06-03 10:22:10","2025-06-03 10:22:10"
10582,9011,Region,Region,1700497868,1700497868,,"2025-06-03 10:22:10","2025-06-03 10:22:10"
10583,9011,technology,technology,1700497868,1700497868,,"2025-06-03 10:22:10","2025-06-03 10:22:10"
10584,9011,version,version,1700497868,1700497868,,"2025-06-03 10:22:10","2025-06-03 10:22:10"
10585,9011,Site,Site,1700497868,1700497868,,"2025-06-03 10:22:10","2025-06-03 10:22:10"
10586,9011,Domain,Domain,1700497868,1700497868,,"2025-06-03 10:22:10","2025-06-03 10:22:10"
10587,9011,domainType,domainType,1700497868,1700497868,,"2025-06-03 10:22:10","2025-06-03 10:22:10"
10588,9011,NFName,NFName,1700497868,1700497868,,"2025-06-03 10:22:10","2025-06-03 10:22:10"
10589,9011,NFType,NFType,1700497868,1700497868,,"2025-06-03 10:22:10","2025-06-03 10:22:10"
10590,9011,interval,interval,1700497868,1700497868,,"2025-06-03 10:22:10","2025-06-03 10:22:10"
10591,9012,displayName,deviceName,1700497868,1700497868,,"2025-06-03 10:22:10","2025-06-03 10:22:10"
10592,9012,Market,Market,1700497868,1700497868,,"2025-06-03 10:22:10","2025-06-03 10:22:10"
10593,9012,Region,Region,1700497868,1700497868,,"2025-06-03 10:22:10","2025-06-03 10:22:10"
10594,9012,technology,technology,1700497868,1700497868,,"2025-06-03 10:22:10","2025-06-03 10:22:10"
10595,9012,version,version,1700497868,1700497868,,"2025-06-03 10:22:10","2025-06-03 10:22:10"
10596,9012,Site,Site,1700497868,1700497868,,"2025-06-03 10:22:10","2025-06-03 10:22:10"
10597,9012,Domain,Domain,1700497868,1700497868,,"2025-06-03 10:22:10","2025-06-03 10:22:10"
10598,9012,domainType,domainType,1700497868,1700497868,,"2025-06-03 10:22:10","2025-06-03 10:22:10"
10599,9012,NFName,NFName,1700497868,1700497868,,"2025-06-03 10:22:10","2025-06-03 10:22:10"
10600,9012,NFType,NFType,1700497868,1700497868,,"2025-06-03 10:22:10","2025-06-03 10:22:10"
10601,9012,interval,interval,1700497868,1700497868,,"2025-06-03 10:22:10","2025-06-03 10:22:10"
10622,9078,displayName,deviceName,1710343238,1710343238,,"2025-06-03 10:22:10","2025-06-03 10:22:10"
10623,9078,Market,Market,1710343238,1710343238,,"2025-06-03 10:22:10","2025-06-03 10:22:10"
10624,9078,Region,Region,1710343238,1710343238,,"2025-06-03 10:22:10","2025-06-03 10:22:10"
10625,9078,technology,technology,1710343238,1710343238,,"2025-06-03 10:22:10","2025-06-03 10:22:10"
10626,9078,version,version,1710343238,1710343238,,"2025-06-03 10:22:10","2025-06-03 10:22:10"
10627,9078,Site,Site,1710343238,1710343238,,"2025-06-03 10:22:10","2025-06-03 10:22:10"
10628,9078,Domain,Domain,1710343238,1710343238,,"2025-06-03 10:22:10","2025-06-03 10:22:10"
10629,9078,domainType,domainType,1710343238,1710343238,,"2025-06-03 10:22:10","2025-06-03 10:22:10"
10630,9078,NFName,NFName,1710343238,1710343238,,"2025-06-03 10:22:10","2025-06-03 10:22:10"
10631,9078,NFType,NFType,1710343238,1710343238,,"2025-06-03 10:22:10","2025-06-03 10:22:10"
10804,9119,displayName,deviceName,1715182838,1715182838,,"2025-06-03 10:22:10","2025-06-03 10:22:10"
10805,9119,Market,Market,1715182838,1715182838,,"2025-06-03 10:22:10","2025-06-03 10:22:10"
10806,9119,Region,Region,1715182838,1715182838,,"2025-06-03 10:22:10","2025-06-03 10:22:10"
10807,9119,technology,technology,1715182838,1715182838,,"2025-06-03 10:22:10","2025-06-03 10:22:10"
10808,9119,version,version,1715182838,1715182838,,"2025-06-03 10:22:10","2025-06-03 10:22:10"
10809,9119,Site,Site,1715182838,1715182838,,"2025-06-03 10:22:10","2025-06-03 10:22:10"
10810,9119,Domain,Domain,1715182838,1715182838,,"2025-06-03 10:22:10","2025-06-03 10:22:10"
10811,9119,domainType,domainType,1715182838,1715182838,,"2025-06-03 10:22:10","2025-06-03 10:22:10"
10812,9119,NFName,NFName,1715182838,1715182838,,"2025-06-03 10:22:10","2025-06-03 10:22:10"
10813,9119,NFType,NFType,1715182838,1715182838,,"2025-06-03 10:22:10","2025-06-03 10:22:10"
10814,9119,interval,interval,1715182838,1715182838,,"2025-06-03 10:22:10","2025-06-03 10:22:10"
10815,9120,deviceName,NFName,1715182840,1715182840,,"2025-06-03 10:22:10","2025-06-03 10:22:10"
10816,9120,Market,Market,1715182840,1715182840,,"2025-06-03 10:22:10","2025-06-03 10:22:10"
10817,9120,Region,Region,1715182840,1715182840,,"2025-06-03 10:22:10","2025-06-03 10:22:10"
10818,9120,technology,technology,1715182840,1715182840,,"2025-06-03 10:22:10","2025-06-03 10:22:10"
10819,9120,version,version,1715182840,1715182840,,"2025-06-03 10:22:10","2025-06-03 10:22:10"
10820,9120,Site,Site,1715182840,1715182840,,"2025-06-03 10:22:10","2025-06-03 10:22:10"
10821,9120,Domain,Domain,1715182840,1715182840,,"2025-06-03 10:22:10","2025-06-03 10:22:10"
10822,9120,domainType,domainType,1715182840,1715182840,,"2025-06-03 10:22:10","2025-06-03 10:22:10"
10823,9120,NFName,NFName,1715182840,1715182840,,"2025-06-03 10:22:10","2025-06-03 10:22:10"
10824,9120,NFType,NFType,1715182840,1715182840,,"2025-06-03 10:22:10","2025-06-03 10:22:10"
10907,9353,displayName,deviceName,1740557573,1740557573,,"2025-06-03 10:22:10","2025-06-03 10:22:10"
10908,9353,Market,Market,1740557573,1740557573,,"2025-06-03 10:22:10","2025-06-03 10:22:10"
10909,9353,Region,Region,1740557573,1740557573,,"2025-06-03 10:22:10","2025-06-03 10:22:10"
10910,9353,technology,technology,1740557573,1740557573,,"2025-06-03 10:22:10","2025-06-03 10:22:10"
10911,9353,version,version,1740557573,1740557573,,"2025-06-03 10:22:10","2025-06-03 10:22:10"
10912,9353,Site,Site,1740557573,1740557573,,"2025-06-03 10:22:10","2025-06-03 10:22:10"
10913,9353,Domain,Domain,1740557573,1740557573,,"2025-06-03 10:22:10","2025-06-03 10:22:10"
10914,9353,domainType,domainType,1740557573,1740557573,,"2025-06-03 10:22:10","2025-06-03 10:22:10"
10915,9353,NFName,NFName,1740557573,1740557573,,"2025-06-03 10:22:10","2025-06-03 10:22:10"
10916,9353,NFType,NFType,1740557573,1740557573,,"2025-06-03 10:22:10","2025-06-03 10:22:10"
10917,9353,interval,interval,1740557573,1740557573,,"2025-06-03 10:22:10","2025-06-03 10:22:10"
10918,9354,displayName,deviceName,1740557574,1740557574,,"2025-06-03 10:22:10","2025-06-03 10:22:10"
10919,9354,Market,Market,1740557574,1740557574,,"2025-06-03 10:22:10","2025-06-03 10:22:10"
10920,9354,Region,Region,1740557574,1740557574,,"2025-06-03 10:22:10","2025-06-03 10:22:10"
10921,9354,technology,technology,1740557574,1740557574,,"2025-06-03 10:22:10","2025-06-03 10:22:10"
10922,9354,version,version,1740557574,1740557574,,"2025-06-03 10:22:10","2025-06-03 10:22:10"
10923,9354,Site,Site,1740557574,1740557574,,"2025-06-03 10:22:10","2025-06-03 10:22:10"
10924,9354,Domain,Domain,1740557574,1740557574,,"2025-06-03 10:22:10","2025-06-03 10:22:10"
10925,9354,domainType,domainType,1740557574,1740557574,,"2025-06-03 10:22:10","2025-06-03 10:22:10"
10926,9354,NFName,NFName,1740557574,1740557574,,"2025-06-03 10:22:10","2025-06-03 10:22:10"
10927,9354,NFType,NFType,1740557574,1740557574,,"2025-06-03 10:22:10","2025-06-03 10:22:10"
10928,9354,interval,interval,1740557574,1740557574,,"2025-06-03 10:22:10","2025-06-03 10:22:10"
10929,9355,displayName,deviceName,1740557574,1740557574,,"2025-06-03 10:22:10","2025-06-03 10:22:10"
10930,9355,Market,Market,1740557574,1740557574,,"2025-06-03 10:22:10","2025-06-03 10:22:10"
10931,9355,Region,Region,1740557574,1740557574,,"2025-06-03 10:22:10","2025-06-03 10:22:10"
10932,9355,technology,technology,1740557574,1740557574,,"2025-06-03 10:22:10","2025-06-03 10:22:10"
10933,9355,version,version,1740557574,1740557574,,"2025-06-03 10:22:10","2025-06-03 10:22:10"
10934,9355,Site,Site,1740557574,1740557574,,"2025-06-03 10:22:10","2025-06-03 10:22:10"
10935,9355,Domain,Domain,1740557574,1740557574,,"2025-06-03 10:22:10","2025-06-03 10:22:10"
10936,9355,domainType,domainType,1740557574,1740557574,,"2025-06-03 10:22:10","2025-06-03 10:22:10"
10937,9355,NFName,NFName,1740557574,1740557574,,"2025-06-03 10:22:10","2025-06-03 10:22:10"
10938,9355,NFType,NFType,1740557574,1740557574,,"2025-06-03 10:22:10","2025-06-03 10:22:10"
10939,9355,interval,interval,1740557574,1740557574,,"2025-06-03 10:22:10","2025-06-03 10:22:10"
10940,9356,displayName,deviceName,1740557574,1740557574,,"2025-06-03 10:22:10","2025-06-03 10:22:10"
10941,9356,Market,Market,1740557574,1740557574,,"2025-06-03 10:22:10","2025-06-03 10:22:10"
10942,9356,Region,Region,1740557574,1740557574,,"2025-06-03 10:22:10","2025-06-03 10:22:10"
10943,9356,technology,technology,1740557574,1740557574,,"2025-06-03 10:22:10","2025-06-03 10:22:10"
10944,9356,version,version,1740557574,1740557574,,"2025-06-03 10:22:10","2025-06-03 10:22:10"
10945,9356,Site,Site,1740557574,1740557574,,"2025-06-03 10:22:10","2025-06-03 10:22:10"
10946,9356,Domain,Domain,1740557574,1740557574,,"2025-06-03 10:22:10","2025-06-03 10:22:10"
10947,9356,domainType,domainType,1740557574,1740557574,,"2025-06-03 10:22:10","2025-06-03 10:22:10"
10948,9356,NFName,NFName,1740557574,1740557574,,"2025-06-03 10:22:10","2025-06-03 10:22:10"
10949,9356,NFType,NFType,1740557574,1740557574,,"2025-06-03 10:22:10","2025-06-03 10:22:10"
10950,9356,interval,interval,1740557574,1740557574,,"2025-06-03 10:22:10","2025-06-03 10:22:10"
10951,9357,displayName,deviceName,1740557574,1740557574,,"2025-06-03 10:22:10","2025-06-03 10:22:10"
10952,9357,Market,Market,1740557574,1740557574,,"2025-06-03 10:22:10","2025-06-03 10:22:10"
10953,9357,Region,Region,1740557574,1740557574,,"2025-06-03 10:22:10","2025-06-03 10:22:10"
10954,9357,technology,technology,1740557574,1740557574,,"2025-06-03 10:22:10","2025-06-03 10:22:10"
10955,9357,version,version,1740557574,1740557574,,"2025-06-03 10:22:10","2025-06-03 10:22:10"
10956,9357,Site,Site,1740557574,1740557574,,"2025-06-03 10:22:10","2025-06-03 10:22:10"
10957,9357,Domain,Domain,1740557574,1740557574,,"2025-06-03 10:22:10","2025-06-03 10:22:10"
10958,9357,domainType,domainType,1740557574,1740557574,,"2025-06-03 10:22:10","2025-06-03 10:22:10"
10959,9357,NFName,NFName,1740557574,1740557574,,"2025-06-03 10:22:10","2025-06-03 10:22:10"
10960,9357,NFType,NFType,1740557574,1740557574,,"2025-06-03 10:22:10","2025-06-03 10:22:10"
10961,9357,interval,interval,1740557574,1740557574,,"2025-06-03 10:22:10","2025-06-03 10:22:10"
10962,9358,deviceName,NFName,1740557574,1740557574,,"2025-06-03 10:22:10","2025-06-03 10:22:10"
10963,9358,Market,Market,1740557574,1740557574,,"2025-06-03 10:22:10","2025-06-03 10:22:10"
10964,9358,Region,Region,1740557574,1740557574,,"2025-06-03 10:22:10","2025-06-03 10:22:10"
10965,9358,technology,technology,1740557574,1740557574,,"2025-06-03 10:22:10","2025-06-03 10:22:10"
10966,9358,version,version,1740557574,1740557574,,"2025-06-03 10:22:10","2025-06-03 10:22:10"
10967,9358,Site,Site,1740557574,1740557574,,"2025-06-03 10:22:10","2025-06-03 10:22:10"
10968,9358,Domain,Domain,1740557574,1740557574,,"2025-06-03 10:22:10","2025-06-03 10:22:10"
10969,9358,domainType,domainType,1740557574,1740557574,,"2025-06-03 10:22:10","2025-06-03 10:22:10"
10970,9358,NFName,NFName,1740557574,1740557574,,"2025-06-03 10:22:10","2025-06-03 10:22:10"
10971,9358,NFType,NFType,1740557574,1740557574,,"2025-06-03 10:22:10","2025-06-03 10:22:10"
10972,9359,deviceName,NFName,1740557574,1740557574,,"2025-06-03 10:22:10","2025-06-03 10:22:10"
10973,9359,Market,Market,1740557574,1740557574,,"2025-06-03 10:22:10","2025-06-03 10:22:10"
10974,9359,Region,Region,1740557574,1740557574,,"2025-06-03 10:22:10","2025-06-03 10:22:10"
10975,9359,technology,technology,1740557574,1740557574,,"2025-06-03 10:22:10","2025-06-03 10:22:10"
10976,9359,version,version,1740557574,1740557574,,"2025-06-03 10:22:10","2025-06-03 10:22:10"
10977,9359,Site,Site,1740557574,1740557574,,"2025-06-03 10:22:10","2025-06-03 10:22:10"
10978,9359,Domain,Domain,1740557574,1740557574,,"2025-06-03 10:22:10","2025-06-03 10:22:10"
10979,9359,domainType,domainType,1740557574,1740557574,,"2025-06-03 10:22:10","2025-06-03 10:22:10"
10980,9359,NFName,NFName,1740557574,1740557574,,"2025-06-03 10:22:10","2025-06-03 10:22:10"
10981,9359,NFType,NFType,1740557574,1740557574,,"2025-06-03 10:22:10","2025-06-03 10:22:10"
10982,9360,displayName,deviceName,1740559247,1740559247,,"2025-06-03 10:22:10","2025-06-03 10:22:10"
10983,9360,Market,Market,1740559247,1740559247,,"2025-06-03 10:22:10","2025-06-03 10:22:10"
10984,9360,Region,Region,1740559247,1740559247,,"2025-06-03 10:22:10","2025-06-03 10:22:10"
10985,9360,technology,technology,1740559247,1740559247,,"2025-06-03 10:22:10","2025-06-03 10:22:10"
10986,9360,version,version,1740559247,1740559247,,"2025-06-03 10:22:10","2025-06-03 10:22:10"
10987,9360,Site,Site,1740559247,1740559247,,"2025-06-03 10:22:10","2025-06-03 10:22:10"
10988,9360,Domain,Domain,1740559247,1740559247,,"2025-06-03 10:22:10","2025-06-03 10:22:10"
10989,9360,domainType,domainType,1740559247,1740559247,,"2025-06-03 10:22:10","2025-06-03 10:22:10"
10990,9360,NFName,NFName,1740559247,1740559247,,"2025-06-03 10:22:10","2025-06-03 10:22:10"
10991,9360,NFType,NFType,1740559247,1740559247,,"2025-06-03 10:22:10","2025-06-03 10:22:10"
10992,9360,interval,interval,1740559247,1740559247,,"2025-06-03 10:22:10","2025-06-03 10:22:10"
10993,9361,deviceName,NFName,1740559247,1740559247,,"2025-06-03 10:22:10","2025-06-03 10:22:10"
10994,9361,Market,Market,1740559247,1740559247,,"2025-06-03 10:22:10","2025-06-03 10:22:10"
10995,9361,Region,Region,1740559247,1740559247,,"2025-06-03 10:22:10","2025-06-03 10:22:10"
10996,9361,technology,technology,1740559247,1740559247,,"2025-06-03 10:22:10","2025-06-03 10:22:10"
10997,9361,version,version,1740559247,1740559247,,"2025-06-03 10:22:10","2025-06-03 10:22:10"
10998,9361,Site,Site,1740559247,1740559247,,"2025-06-03 10:22:10","2025-06-03 10:22:10"
10999,9361,Domain,Domain,1740559247,1740559247,,"2025-06-03 10:22:10","2025-06-03 10:22:10"
11000,9361,domainType,domainType,1740559247,1740559247,,"2025-06-03 10:22:10","2025-06-03 10:22:10"
11001,9361,NFName,NFName,1740559247,1740559247,,"2025-06-03 10:22:10","2025-06-03 10:22:10"
11002,9361,NFType,NFType,1740559247,1740559247,,"2025-06-03 10:22:10","2025-06-03 10:22:10"
11003,9362,deviceName,NFName,1740559247,1740559247,,"2025-06-03 10:22:10","2025-06-03 10:22:10"
11004,9362,Market,Market,1740559247,1740559247,,"2025-06-03 10:22:10","2025-06-03 10:22:10"
11005,9362,Region,Region,1740559247,1740559247,,"2025-06-03 10:22:10","2025-06-03 10:22:10"
11006,9362,technology,technology,1740559247,1740559247,,"2025-06-03 10:22:10","2025-06-03 10:22:10"
11007,9362,version,version,1740559247,1740559247,,"2025-06-03 10:22:10","2025-06-03 10:22:10"
11008,9362,Site,Site,1740559247,1740559247,,"2025-06-03 10:22:10","2025-06-03 10:22:10"
11009,9362,Domain,Domain,1740559247,1740559247,,"2025-06-03 10:22:10","2025-06-03 10:22:10"
11010,9362,domainType,domainType,1740559247,1740559247,,"2025-06-03 10:22:10","2025-06-03 10:22:10"
11011,9362,NFName,NFName,1740559247,1740559247,,"2025-06-03 10:22:10","2025-06-03 10:22:10"
11012,9362,NFType,NFType,1740559247,1740559247,,"2025-06-03 10:22:10","2025-06-03 10:22:10"
11013,9363,deviceName,NFName,1740559247,1740559247,,"2025-06-03 10:22:10","2025-06-03 10:22:10"
11014,9363,Market,Market,1740559247,1740559247,,"2025-06-03 10:22:10","2025-06-03 10:22:10"
11015,9363,Region,Region,1740559247,1740559247,,"2025-06-03 10:22:10","2025-06-03 10:22:10"
11016,9363,technology,technology,1740559247,1740559247,,"2025-06-03 10:22:10","2025-06-03 10:22:10"
11017,9363,version,version,1740559247,1740559247,,"2025-06-03 10:22:10","2025-06-03 10:22:10"
11018,9363,Site,Site,1740559247,1740559247,,"2025-06-03 10:22:10","2025-06-03 10:22:10"
11019,9363,Domain,Domain,1740559247,1740559247,,"2025-06-03 10:22:10","2025-06-03 10:22:10"
11020,9363,domainType,domainType,1740559247,1740559247,,"2025-06-03 10:22:10","2025-06-03 10:22:10"
11021,9363,NFName,NFName,1740559247,1740559247,,"2025-06-03 10:22:10","2025-06-03 10:22:10"
11022,9363,NFType,NFType,1740559247,1740559247,,"2025-06-03 10:22:10","2025-06-03 10:22:10"
